politics,mattis pkk
politics,usypg
politics,geoffrey aronson
politics,obama
politics,obamaera
politics,obamas bureaucratsbut
politics,erdogantrump
politics,usturkey
politics,pydypg
politics,pkk
politics,erdogan
politics,obamas ypg
politics,assad
politics,eected
politics,pydsdf
politics,ypg pkk
politics,ypg
politics,centcom
politics,ankaras pkk
politics,sdf eect
politics,obama
politics,antiisil coaliton
politics,ypg
politics,natoally orgs pkklinked pyd
politics,fethulalh gulen erdogantrump
politics,turkeyus pkk gulen
politics,pkkaffiliated ypg
politics,blog  ypg usturkish
politics,eand
politics,icymi daesh
politics,usturkey
politics,eended
politics,ypg
politics,andcreate
politics,ypg raqqa erdogan
politics,bw erdogan
politics,erdogans
politics,pydypg
politics,antiisil
politics,fethullah gulen
politics,ypg
politics,gülens
politics,akar dunford  ypg
politics,postwwii
politics,eectations
politics,usled
politics,tillerson lavrov
politics,erdoğanputin  fahrettin
politics,postisil
politics,pkk ypg
politics,erdoğan
politics,ypg
politics,assad airstrikes
politics,ceasefire
politics,ceasefire  kazakhstan
politics,attendence
politics,ypg
politics,postapril erdogan
politics,postreferendum
politics,raqqa follwing erdogan
politics,ypg
politics,islamists
politics,pkk
politics,islamists
politics,postreferendum
politics,ypg
politics,antiisis
politics,antiisis
politics,pyd
politics,pkkypg antiisis usturkey
politics,everybodys
politics,antiisis ypg
politics,mattis antiisil
politics,antiisis
politics,pkkypg sinjar rojava
politics,pkk personel ypg
politics,pkk
politics,treasurys
politics,assad
politics,mhp chp assemblys
politics,bln
politics,pkkypg iraqs sinjar qandil
politics,assad idlib
politics,ypg pkk
politics,midmay
politics,ypg
politics,stituation ceasefire
politics,obama pkk
politics,ypg pkk
politics,erdogan
politics,gülen
politics,cnn
politics,tillerson disucss erdoğans
politics,isik
politics,choiceand eectation
politics,assad
politics,eectation
politics,postreferendum
politics,icymi assad
politics,presidntial
politics,kimmitt
politics,jeffrey
politics,kimmit
politics,assad
politics,isiks
politics,pkk  pyd jv  jeffrey
politics,jeffrey kimmit
politics,regionsdm isik
politics,tks  isik
politics,pkk sinjar  isik
politics,assad  assad  isik
politics,mattis hezbollah  isik
politics,isik
politics,mattis ypg raqqa  isik
politics,promposed  isik
politics,isik
politics,isik
politics,isik
politics,mattis  isik
politics,işık
politics,isik disucssion
politics,isik assad
politics,kimmitt jeffrey
politics,putin tillerson  reuters
politics,assad tillerson
politics,fikri isik disucssion
politics,icymi assad
politics,unbrokered twomonth
politics,tillerson  reuters
politics,assad
politics,trumpxi
politics,mattis manbij raqqah
politics,assad
politics,idlib
politics,nofly
politics,assad
politics,assads occured
politics,erdogan
politics,abdulhamit nebi
politics,idlib
politics,usrussiaturkey website
politics,unsc
politics,website
politics,dcs  eerts
politics,reuters
politics,icymi uss
politics,erdogan kurds krg kirkuk turkmen kurds
politics,idlib erdoğan putin astana
politics,antiterror
politics,tillersons
politics,postisis
politics,russiaus
politics,usrussian
politics,mosul raqqa
politics,eect
politics,pyd
politics,erdogan tillerson ustk
politics,heshe
politics,eerienced
politics,gaziantep daesh
politics,bc
politics,bc
politics,powerthe willseparate
politics,akp
politics,ypg
politics,highlyr
politics,ustkrussia
politics,abdulhamit nebi
politics,icymi
politics,tillerson
politics,tillerson
politics,ceasefire
politics,uk
politics,agreem
politics,yıldır avrupa parlementosunda vekil ofislerine dağıtılan dailysabaha hollandalı vekilin önergesiyle parlemento içi
politics,tillerson
politics,pyd  eects
politics,antiislamic
politics,pyd
politics,usled sdf
politics,antiisis
politics,postreferendum
politics,yearold
politics,qamish
politics,ypg nw
politics,istanbuls
politics,daesh
politics,farright
politics,pkk
politics,turkmen pkk sinjar
politics,oftendangerous
politics,farright
politics,erdoğans
politics,erdoğan
politics,icymi
politics,tillerson
politics,syrias manbij  reuters
politics,ypg raqqa dorrian
politics,kazakh  reuters
politics,ypg
politics,abadi
politics,aboutthe
politics,reuters
politics,dorrian raqqa offensiveremains
politics,ypg
politics,ypg manbij
politics,kirkuk  reuters
politics,raqqa
politics,ypg
politics,erdogan highlevel
politics,dunford
politics,eresses barzani
politics,ypgdominated sdf usled
politics,albab
politics,reuters
politics,eectations  reuters
politics,highlevel
politics,icymi
politics,pyd
politics,maarif
politics,israelturkey
politics,ypg
politics,albab isil manbij
politics,ypg
politics,tillerson
politics,turkishbacked raqqa usled
politics,icymi
politics,daesh albab  sdf
politics,sikorsky
politics,jarablus syrias albab
politics,turkeybacked albab
politics,erdogan krg barzani
politics,albab counteris
politics,albab
politics,dunford
politics,gülens
politics,albab daesh
politics,wartorn
politics,gulen
politics,albab
politics,icymi
politics,russias ceasefire
politics,turkeyus
politics,usturkey
politics,yıldırım
politics,dunford akar
politics,secdef mattis kurds
politics,ankaras
politics,dunford
politics,mistura
politics,bw
politics,raqqa manbij
politics,turkeyus eerts
politics,isik mattis
politics,sqkm raqqa antiisis
politics,fsa  isisheld albab
politics,feb
politics,bashar alassad
politics,airstrike
politics,yildirim pompeo
politics,blog
politics,raqqa
politics,yildirim
politics,erdogan
politics,pompeo
politics,erdogan syrias albab raqqa
politics,turkishbacked
politics,erdogan safezones isil
politics,bln
politics,ceasefire
politics,erdogan bw
politics,antiisil
politics,ceasefire
politics,obama
politics,fsa
politics,armys albab
politics,eus
politics,washingtons
politics,astana feb
politics,monthonmonth
politics,dorrian suvs  pyd
politics,ypg
politics,sdf usled
politics,eectations
politics,phonecalls
politics,eeriencing
politics,theun
politics,turkishus
politics,feb
politics,eected
politics,website
politics,turkishrussian
politics,turkishrussian
politics,eectations
politics,merve seren
politics,transanatolian  azeri
politics,yildirim
politics,ceasefire
politics,albab assads isil
politics,ceasefire
politics,isil
politics,khazakstan
politics,ceasefire
politics,assad  ulutas
politics,tks  yesiltas
politics,assad
politics,communitys
politics,tekfir
politics,nonstate
politics,assad
politics,hezbollahs assad
politics,assad
politics,obama  heras
politics,mosul
politics,jihadist
politics,assad nofly
politics,heras
politics,eand flynns  heras
politics,antiterror  heras
politics,tks eansion
politics,flynns
politics,ustk gulen
politics,ypg ustk
politics,kilickanat    eectations
politics,sdf
politics,pyd
politics,counterterrorismintelligence
politics,pyd
politics,pyd
politics,obamas
politics,obamas bc
politics,iraqs usturkey
politics,turkishsyrian
politics,jointstrike
politics,cyberoperations
politics,cavusoglu
politics,leadeing
politics,kazakhstan ceasefire
politics,haftaya dcde döneminde türkiye ortadoğuyu konuşacağız
politics,astana
politics,tillerson
politics,uk unhosted
politics,ypg
politics,londons
politics,highlevel
politics,postagreement
politics,eects obama ypg gulen
politics,assad astana  reuters
politics,airstrikes
politics,erdoğan albab manbij
politics,yıldırım daesh pkk
politics,ceasefire
politics,incirlik
politics,fsa isil
politics,eects antiisil isil albab
politics,dpm usturkey
politics,isil
politics,fetö
politics,çelik turkeyeu
politics,reuters
politics,abadi antipkk yıldırıms
politics,antiisil
politics,ceasefire astana
politics,astana
politics,usled turkishbacked fsa albab
politics,townsend isil
politics,pkk
politics,presidentelect obama pyd
politics,istanbuls
politics,istanbuls
politics,russianturkish ceasefire
politics,erdoğan abadi
politics,ceasefire
politics,ceasefire
politics,ceasefire
politics,ceasefire  daesh nusra ypg
politics,ceasefire
politics,americanmuslims ummah
politics,strian
politics,ceasefire
politics,koc
politics,confusingwas
politics,qampa turkeyus ttp islamophobia
politics,qampa
politics,ypg
politics,alabadi iraqs countrys
politics,turkeyus administrat
politics,turkeyus
politics,ceasefire
politics,geoeconomics
politics,sinjar peshmerga
politics,erdogan bayraktar
politics,erdoğan
politics,krg sinjar barzani
politics,sth       uk
politics,erdoğan gaziantep kilis şanlıurfa alwa
politics,tehran bw
politics,kazakhstan
politics,eand
politics,bw
politics,daeshcontrolled albab
politics,pkkaffiliated
politics,syrias
politics,daesh syrias albab
politics,aleppo
politics,transanatolian
politics,gülenists assasination çavuşoğlu
politics,daesh
politics,turkishrussian
politics,bombedout
politics,erdoğan turkeyrussia
politics,uk brexit liam
politics,kayseri kobani
politics,assasination
politics,andrey karlov
politics,obama
politics,cilvegozu
politics,aleppo
politics,reuters
politics,aleppo
politics,aleppo
politics,kayseri
politics,tak pkk
politics,ev
politics,aleppo
politics,ypg manbij
politics,daesh albab fsa citys
politics,yildirim medvedev stakeholders
politics,mistura idlib
politics,recep tayyip erdogan
politics,erdogan visafree
politics,turkeyeu
politics,eects   aleppo ceasefire
politics,erdoğan obama
politics,idlib iranbacked
politics,reuters
politics,wartorn
politics,ceasefire
politics,townsend
politics,pkk
politics,krg erts
politics,eand
politics,erdoğan
politics,chp mhp govts antiterror
politics,reuters
politics,ypgheld afrin manbij albab
politics,isiscontrolled albab
politics,ceasefire
politics,mep
politics,pydcontrolled
politics,antiterror
politics,mcgurk
politics,mhp
politics,antidaesh
politics,visafree
politics,ngos syrias aleppo
politics,eus
politics,gazprom
politics,daesh
politics,gülenists pkk
politics,incirlik
politics,oneyear
politics,akar dunford incirlik
politics,coorganized
politics,abdulaziz
politics,basri yalçın
politics,suhaim thani eected risi
politics,gcc
politics,securitymilitary  doha
politics,elatiki
politics,lng
politics,btw
politics,khaled abdelkader
politics,misfer overviewing
politics,shammari
politics,abdullah shammari eansion gulfturkey
politics,azmi bishara
politics,bw baghdads mosul
politics,bw
politics,ceasefire
politics,erdogan merkel
politics,aleppo  reuters
politics,visavis
politics,pydpkk
politics,erdoğan
politics,erdoğan putin aleppo
politics,fahrettin
politics,erdoğan
politics,mosul
politics,merkel eanding   reuters
politics,pkks yazidi
politics,yıldırım
politics,pydassad
politics,billioneuro
politics,kurds pyds knc
politics,eects
politics,bw
politics,islamophobia antiimmigrant
politics,austrias
politics,islamophobia
politics,juncker
politics,euturkey
politics,erdoğan putin  assad
politics,hashd alshaabi
politics,krg
politics,jazeera
politics,mosul
politics,website
politics,fiveparty
politics,ypg manbij
politics,thursda
politics,mogherini eps
politics,pkk
politics,pyd
politics,loselose
politics,ypg
politics,usturkey bw
politics,albab manbij goalline
politics,nofly
politics,pkk
politics,turkmen
politics,nofly
politics,usturkey
politics,mattis centcom
politics,pkkpyd
politics,jeffrey gulenists
politics,jeffrey
politics,jeffrey pyd assad
politics,jeffrey
politics,jeffrey
politics,jeffrey
politics,jeffrey  barack obama
politics,turkishamerican
politics,assad
politics,antiisil incirlik
politics,yonetiminde turkamerican iliskilerinin gelecegi eski buyukelci jeffrey entous
politics,pyd
politics,usturkey
politics,livetweeting
politics,pkk
politics,usturkey jeffrey
politics,erdoğan eresses
politics,oppositionheld aleppo
politics,ceos
politics,mosul erbil
politics,pyd
politics,pyd manbij
politics,albab  ypgdominated sdf
politics,frontrunners juppe sarkozy  reuters
politics,ypg albab
politics,reuters
politics,presidentelect  erdogan
politics,albab
politics,ypg
politics,usturkey
politics,usturkey
politics,obama
politics,eitan naeh
politics,bw
politics,albab
politics,steinmeier
politics,obamas
politics,presidentelect assad
politics,pkk
politics,dunfords raqqa
politics,eanded
politics,dunfords
politics,ypg
politics,kriterin kasım sayısında kılıç buğra endişeli dünya abdnin endişeli başkan adaylarını yazdı http
politics,kriterin kasım sayısında kadir üstün değişim popülizm arasında başkanlık seçimlerini yazdı
politics,longterm
politics,dunford akar
politics,dunfords ypgdominated sdfs raqqa
politics,erdoğan mln bln  ngos
politics,ypgdominated usbacked sdf daeshs socalled raqqa
politics,başkanlık seçimleri amerikan halkının değişim talebi  açık görüş
politics,enine boyunada amerikan başkanlık seçimleri yatırılıyor araştırma direktörü stüdyo konuğu
politics,kasımda gerçekleştirilecek başkanlık seçimlerini anlamak odak yayında
politics,seçimlerine ilişkin analizlerin dördüncüsü çıktı arkadaşlarından önemli tespitler
politics,analiz amerikan başkanlık seçimlerine adayların takımları hannon
politics,ypg
politics,raqqa
politics,isil
politics,kemal batmaz
politics,raqqa
politics,raqqah mosul
politics,analiz amerikan başkanlık seçimlerine öne çıkan başlıklar hannon
politics,daesh alqaida
politics,daesh ypg
politics,reuters
politics,gülen
politics,hulusi akar
politics,lockheed
politics,mosul
politics,raqqah
politics,yıldırım
politics,daesh  pydpkk
politics,erdoğan
politics,mccain obamas
politics,erdogan
politics,gulen
politics,daesh
politics,ypg raqqa fsa
politics,usturkey  htt
politics,gulen
politics,eedite gulens
politics,gulen
politics,eerience feto
politics,feto
politics,gulen
politics,feto
politics,gulenists
politics,feto
politics,abdye ziyaret adalet bakanı bekir bozdağ  trnin terörle mücadelesini anlatıyor
politics,adalet bakanı fetö elebaşı gülenin iadesiyle toplantısında konuşuyor
politics,olabilseydim dediğim youtubeda konulursa izlemek isterim
politics,bozdağ
politics,bozdağ
politics,gulens eloitation
politics,gulen
politics,gulen
politics,gulen
politics,usturkish
politics,gulen
politics,usturkish
politics,bekir bozdag loretta gulen
politics,bekir bozdağ
politics,proassad
politics,assad antidaesh
politics,daesh
politics,manbij  erdoğan
politics,raqqa
politics,irbil
politics,pkk krg
politics,gülen
politics,fsa
politics,çavuşoğlu
politics,daesh
politics,mosul
politics,dabiq
politics,jarabulus fsa
politics,gulens bozdag
politics,partys
politics,daesh
politics,bashiqa peshmerga yıldırım
politics,daesh
politics,daesh pkkpyd antiterror
politics,yildirim
politics,amerikan başkanlık seçimlerine   profilleri  analiz
politics,daesh pkkpyd antiterror
politics,raqqa fsa ypg afrin
politics,peshmerga
politics,blog dabiq
politics,nujaifi
politics,assad
politics,mosul nujaifi
politics,ypg
politics,antiisil
politics,syrizas uk
politics,mosul
politics,silopi
politics,airstrikes
politics,pkks pyd ypg
politics,unhcr
politics,dabiqs
politics,unhcr
politics,dabiq
politics,krg
politics,trainandequip daish
politics,unsc  otherwis
politics,erdogan
politics,uscoalition
politics,airstrikes  gcc
politics,analiz  başkanlık seçimlerine seçim süreci ön seçimler hannon lesley dudden
politics,pkk
politics,telaviv
politics,bashiqa trainampequip
politics,postcrisis
politics,azerbaijans  aliyev
politics,govts
politics,peaceturkish
politics,website
politics,aleppo
politics,gazprom
politics,sdf fsa raqqa manbij
politics,mavi marmara
politics,morepowerful
politics,erdoğan
politics,blinken
politics,nsc
politics,obama
politics,website
politics,erdogan
politics,hisher
politics,ypg
politics,suriyenin kuzeyindeki denklem türkiye lehine değişti
politics,nort
politics,ypg
politics,jarablus  bassam barabandi
politics,sunnis   bassam barabandi
politics,errored kurds
politics,ypg pyd eand
politics,assad
politics,safezone assad
politics,jarablus
politics,jarablus
politics,jarablus
politics,effrt
politics,unhcr
politics,schulz
politics,fsa
politics,gulen
politics,ceasefire
politics,childrens
politics,isil
politics,jarablus
politics,jarabulus
politics,erdogan daesh
politics,krg
politics,airstrikes avashinbasyan qandil
politics,tsipras
politics,eid eid mubarak hayırlı bayramlar
politics,aganist daesh raqqa mosul pkk telafer
politics,isik isil
politics,raqqa
politics,erdogan raqqa
politics,ankaras gulens
politics,merkel
politics,nofly
politics,merkel euturkey
politics,erdogan daesh pkk pyd ypg
politics,newlydeployed himars
politics,turkishbacked
politics,stoltenberg
politics,erdoğan nofly obama putin
politics,daesh obama
politics,visafree merkel
politics,feto htt
politics,kılıç buğra
politics,rai turkeybacked
politics,turkeybacked fsa qundarah daesh
politics,obama
politics,pyd
politics,jarablus
politics,visavie
politics,erdogan
politics,erdogan
politics,eects ypg
politics,obama erdogan
politics,gamechanging
politics,ypg
politics,mfa
politics,jarablus
politics,daesh
politics,usturkey ypg
politics,erdoğan putin
politics,bidens
politics,bidens
politics,biden jarablus
politics,erdogan assad
politics,erdogan
politics,erdogan
politics,erdogan fetos
politics,erdogan
politics,erdogan obama
politics,erdogan feto
politics,erdogan biden
politics,biden
politics,biden gulen
politics,biden
politics,biden
politics,biden erdogan
politics,bidens pyd
politics,jarabulus
politics,yildirim obama biden
politics,biden ypg
politics,yildirim pydypg
politics,yildirim
politics,yildirim pydypg
politics,yildirim pyd jarablus
politics,yildirim biden  usturkey
politics,yildirim biden
politics,yildirim biden
politics,yildirim biden gulen
politics,erdoğan gülen
politics,biden  fetö
politics,binali yıldırım biden
politics,erdoğan
politics,armybacked daesh
politics,daeshheld
politics,bidens
politics,ceasefire
politics,bidens turkishamerican
politics,daesh pkk
politics,bidens washingtons
politics,bidens gülen
politics,isil jarablus
politics,feto
politics,ypg pkk
politics,daesh pkk
politics,jarablous
politics,bidens
politics,daesh pkk
politics,bidens  kılıç buğra
politics,syrias
politics,eect
politics,complicit
politics,washingtons  eected
politics,halil berktay
politics,gulenist
politics,usturkey
politics,usturkey
politics,website
politics,hilton
politics,usturkey hilton
politics,fahrettin
politics,çavuşoğlu pyd
politics,yenikapı
politics,visafree
politics,eects
politics,threepronged
politics,russianturkish
politics,russianturkish
politics,gulen
politics,incirlik
politics,dunford
politics,antiisil
politics,antiisil
politics,erdoğans
politics,bw
politics,yenikapı
politics,erdogan putin
politics,erdogan putin
politics,coupattempt
politics,yenikapı
politics,yenikapı
politics,turkeyin yenikapi
politics,yenikapı
politics,erdoğan  gülenist
politics,yıldırım mhp chp gülenist
politics,chps kılıçdaroğlu
politics,yenikapı
politics,istanbuls yenikapı
politics,putin erdogan
politics,mhp bahçeli  anticoup
politics,coupparticipants smartphone
politics,fetos gulen
politics,incirlik airbase
politics,postjuly
politics,gulen
politics,coupattempt ofthe
politics,gülens
politics,dunford nonaccusatory
politics,gulen
politics,washingtons gulen
politics,dpm
politics,coupattempt
politics,visafree
politics,jointchiefs yildirim airbase
politics,eerienced
politics,coupattempt
politics,nusra alqaeda  airstrikes
politics,antiisis trus
politics,antiamericanist
politics,coupattempt turkishamerican
politics,feto
politics,assad
politics,gulen yildirim
politics,gulen
politics,yildirim
politics,fallujah ramadi
politics,feto
politics,perspectiveunderstanding
politics,gulen
politics,ankaras
politics,cavugoslu eects gulens
politics,incirlik
politics,gulen
politics,cavusoglu usturkey gulen
politics,obama
politics,societys
politics,kerrys
politics,gülen
politics,yıldırım
politics,highlevel feto
politics,erdogan gulen
politics,erdogan akar gulen
politics,fahrettin
politics,gulen
politics,gulen
politics,eedite gulen
politics,gulen
politics,thegroup
politics,gulen
politics,fahrettin
politics,antiisil
politics,timeline
politics,incirlik airstrikes
politics,gulen
politics,antiisil
politics,antiisil
politics,erdogan
politics,natos eanding
politics,incirlik airbase
politics,fetullah gulen
politics,antiisil  incirlik
politics,cavusoglu
politics,cavusoglu gulen antiisil
politics,fethullah gulen
politics,bosphorus
politics,gulenists
politics,eressed
politics,tsipras yıldırım  procoup
politics,procoup
politics,highranking erdoğans
politics,turkeyus gülen
politics,gulen
politics,merkel
politics,obama
politics,erdoğan
politics,tsipras erdoğan
politics,çavuşoğlu fethullah gülen
politics,kilis
politics,adem huduti
politics,highranking
politics,obama democraticallyelected
politics,erdal ozturk
politics,isik incirlik lockdown
politics,staterun
politics,constitut
politics,cavusoglu
politics,countrys
politics,procoup
politics,gulenist
politics,anadolu gulenist
politics,demirhan mersin
politics,procoup
politics,hulusi akar procoup akıncılar
politics,darbeyi püskürttü boğaziçi köprüsündeki tanklar çekiliyor
politics,cnnturk
politics,erdogan
politics,cnn türk şef editörü durumu anlatıyor
politics,erdogan
politics,protestorsat putschists
politics,recep tayyip erdogan istanbuls attaturk
politics,gulenist turksat
politics,yildirim
politics,jens stoltenberg anticoup
politics,anadolu
politics,obama democraticallyelected
politics,dundar
politics,attemptit
politics,aksakalli
politics,erdoğan
politics,erdogan
politics,kalkışma halkımızın iradesi kararlılığıyla boşa çıkarılmıştır kalkışmaya karşı meydanlardayız
politics,eected
politics,tahrir
politics,kerryputin
politics,yildirim alassads
politics,nbc assad
politics,yrias
politics,obama
politics,ceasefire
politics,erdogan
politics,stateheld
politics,lowtech
politics,kilic frontline
politics,rebelheld  ceasefire
politics,freetrade
politics,antiterror
politics,antiterror
politics,seemincreasingly
politics,atatürk
politics,assad ceasefire eid alfitr
politics,islamist
politics,gaza
politics,ataturk
politics,ertation
politics,airstrikes nusra
politics,winwin
politics,iraqsyria
politics,antiisil
politics,isil ataturk
politics,putin
politics,obama erdogan
politics,netanyahu
politics,erdogan
politics,kurtulmuş
politics,incirlik airbase
politics,identityrelated
politics,kimoon
politics,mavi marmara
politics,britains
politics,dpm
politics,eected
politics,visafree tukish
politics,sochi meetinging
politics,nagornokarabakh
politics,kurds
politics,turkeyeu
politics,airstrikes
politics,eects
politics,locallydeveloped airdefense
politics,cavusoglu israels
politics,kilic
politics,antiisil
politics,eected
politics,ngo
politics,morsi countrys democraticallyelected
politics,yazidi
politics,weekslong
politics,safezone
politics,airstrikes assad
politics,barzani
politics,manbij
politics,visafree
politics,pyd
politics,manbij
politics,reuters assad
politics,antiterror visafree
politics,antiterror visafree
politics,eresses
politics,dpm kurtulmus eresses erdogans putin
politics,italys sampt
politics,longlasting
politics,incirlik airbase
politics,erdogan putin
politics,heshe
politics,eress
politics,cavusoglu
politics,erdogan assad
politics,biden
politics,bw
politics,twoweek
politics,eloring
politics,btw
politics,assad
politics,cavusoglu
politics,putin
politics,allin nofly
politics,fiveyear
politics,merkel
politics,policymakers
politics,pyd pkk
politics,airstrikes
politics,eectation liklihood
politics,assad
politics,dcs
politics,pyd
politics,groundbased
politics,turkishsyrian
politics,airstrikes
politics,netanyahu
politics,cavusoglu manbij
politics,communitys
politics,ypg
politics,ceasefire
politics,visafree
politics,btw
politics,dcs youtube
politics,jabhat alnusra
politics,turkmen
politics,marginalized
politics,eress
politics,setas  website
politics,ceasefire
politics,merkel
politics,cavusoglu timmermans visafree
politics,erdoganwe
politics,curtis scaparrotti
politics,usturkey website
politics,eress
politics,ankarabased
politics,turkeyus
politics,erdogan
politics,runup
politics,implicationsproject eloiting
politics,islamophobia dalia mogahed
politics,marginalization
politics,antimuslim
politics,islamophobia
politics,islamophobia
politics,islamophobia
politics,jon islamophobia
politics,sykespicot
politics,islamophobia
politics,islamophobia
politics,eectations
politics,islamophobia
politics,ceasefire
politics,cavusolgu visafree
politics,ceasefire
politics,dcs islamophobia
politics,obamas
politics,shortterm longterm
politics,usturkish washingtons
politics,ankarabased islamophobia
politics,islamophobia
politics,usturkish ypg  kılıç buğra
politics,islamophobia
politics,aleppo
politics,dcs islamophobia
politics,visafree
politics,dcs islamophobia
politics,erdogan
politics,islamophobia
politics,visafree
politics,eectations
politics,erdogan
politics,antiterror
politics,ceasefire
politics,eress
politics,bw
politics,bc
politics,bw
politics,usturkey
politics,antiisis
politics,pyd raqqa krg mosul
politics,pkkpyd
politics,pyd
politics,btw antiisis antiassad
politics,pyd
politics,antiisis
politics,kurds pkk pyd
politics,hafez alassad
politics,obama
politics,btw pydpkk  sunnis
politics,btw  ypg  assad
politics,btw  obama
politics,usturkey
politics,outzen
politics,eedient
politics,outzen kurds kurmanji
politics,yalcin
politics,basri yalcin
politics,basri yalcin
politics,hardliner
politics,bc
politics,islamist
politics,moeed yusuf  uspakistan
politics,moeed yusuf uspakistan
politics,moeed yusuf
politics,outzen
politics,outzen pyd
politics,outzen ndu
politics,usturkey
politics,basri yalcin bc
politics,usturkey
politics,olacak turkamerikan iliskilerinin gelecegi sorusuna nin  yillik toplantisinda cevap araniyor
politics,turkishamerican
politics,bw basri yalcin
politics,usturkey
politics,dcs
politics,obama
politics,usturkey
politics,rwanda
politics,aleppo  kılıç buğra
politics,dcs
politics,erdogan
politics,davutoglu argeement
politics,dcs
politics,davutoglus
politics,usturkey
politics,ceasefire
politics,eeriences
politics,usturkey
politics,davutoğlu
politics,mistura
politics,staffan mistura  ceasefire
politics,bw
politics,ypg
politics,lavrov
politics,dcs
politics,volkan bozkır
politics,dcs
politics,visafree
politics,dcs usturkey
politics,obamas
politics,dcs usturkey
politics,euturkey
politics,cavusoglu
politics,ceasefire
politics,reypg
politics,obamas
politics,obamas
politics,nagornokarabakh
politics,ceasefire
politics,ceasefire
politics,ceasefire
politics,obamas
politics,obamas
politics,obama
politics,himars manbij
politics,eanded eand
politics,araştırmacı arıyor
politics,merkel
politics,website
politics,visafree
politics,stoltenberg
politics,erdoğan davutoğlu runup
politics,visafree
politics,turkmens daesh
politics,erdogan davutoglu
politics,daeshcontrolled  kilis
politics,putin   uk
politics,kilis
politics,hitto ceo htt
politics,turkeybased
politics,syrianturkish
politics,erdogan
politics,eerts eected
politics,dcs  russias
politics,russias
politics,salman  oic
politics,alrai
politics,vu
politics,secgen
politics,erdogan
politics,turkeyeu
politics,merkel
politics,pydin manjib
politics,erdogan
politics,erdogan biden isil
politics,erdogan obama obama
politics,erdogan
politics,erdogan
politics,washingtonda malcolm xin kızı ın takdimi suriye mülteci krizini anlatıyorlar
politics,socioemotional selfesteem
politics,childrens  kenan rahmani
politics,kenan rahmani
politics,kenan rahmani
politics,everyones
politics,selfesteem
politics,ahmad tarakji
politics,samss
politics,ahmad tarakji
politics,emine erdogan
politics,emine erdoğan düzenlenen suriyeli mülteciler konferansında konuşuyor
politics,emine erdogan
politics,erdogan
politics,malcolm xin kızı ilyasah shabazz ın takdimi emine erdoğanın deki konuşması başlıyor
politics,erodoğan
politics,emine erdogan nin duzenledigi suriye multeci krizi konferansinda konusuyor
politics,emine erdogan
politics,emine erdogan
politics,oktay
politics,eecting fuat oktay
politics,fuat oktay
politics,fuat oktay afad
politics,fuat oktay
politics,fuat oktay
politics,ngos  oktay
politics,oktay
politics,fuat oktay
politics,shoulld safezone
politics,assad
politics,fuat oktay ghassan hitto modrrated
politics,cumhurbaskanimizin programlari cercevesinde suriyedeki multeci krizi nin programindayiz
politics,fuat oktay
politics,fuat oktay
politics,erdogan obama
politics,eand
politics,bw çavuşoğlu
politics,davutoglu secgen
politics,visafree
politics,usturkish
politics,nsc
politics,secretarygeneral kimoon
politics,kurds
politics,daesh
politics,davutoglu communitys
politics,dcs
politics,davutoglu eresses
politics,visafree
politics,dcs euturkey
politics,russias
politics,euturkey
politics,euturkey
politics,comissions
politics,cavusoglu
politics,davutoglu
politics,chp mhp
politics,chanc merkel davutoglu
politics,erdogan opendoor
politics,kilis afad
politics,turkishsyrian
politics,chanc merkel
politics,chanc merkel
politics,usrussia
politics,declinism
politics,eresses  euturkey
politics,declinism
politics,liderlik akademisinde temsilciler meclisi eski üyesi rwexler hükümetinin algısı üzerine konuştu htt
politics,nin ortak düzenlediği türk amerikan liderlik akademisini bitirmiş bulunuyoruz
politics,erdogan
politics,visafree
politics,weaponizes
politics,pyd pkk
politics,obamas
politics,ceasefire
politics,eected
politics,erdogan ceasefire  eands
politics,chanc merkel
politics,frmr ricciardone pyd pkk
politics,ceasefire
politics,pyd nw
politics,ceasefire
politics,pydypgs
politics,safezone
politics,davutoglu ceasefire
politics,issg  ceasefire
politics,davutoglu  eerience
politics,mcgurk
politics,erdogan ceasefire assad
politics,erdogan ceasefire pyd orgs
politics,aleppo
politics,ceasefire airstrikes
politics,erdogan erter
politics,dpm ceasefire airstrikes
politics,obama putin
politics,turkishus
politics,ypg daesh
politics,ypg
politics,davutoglu eect kurds
politics,obama erdogan
politics,ypg bekaa qandil
politics,erdogan orgs
politics,merkel euturkey
politics,pyd
politics,pydypg
politics,davutoglu
politics,afrin azaz
politics,merkels
politics,blog http
politics,turkishisraeli
politics,usturkey
politics,usturkey pyd
politics,erdogan  assad
politics,cavusoglu
politics,ypg
politics,merkel nofly
politics,merkel
politics,mcgurks
politics,mln
politics,ceasefire
politics,davutoglu acceptwe
politics,ceasefire
politics,türkamerikan liderlik akademisi başvuruları devam başvuru tarih  şubat
politics,antiisis
politics,erdogan
politics,airstrikes
politics,davutoglu aleppo
politics,sykespicot
politics,chanc merkel airstrikes
politics,erdogan
politics,davutoglu chanc merkel
politics,çağri türkamerikan liderlik akademisi
politics,usturkey
politics,turkishamerican
politics,türkamerikan liderlik akademisi  detaylı bilgi başvuru
politics,işbirliğindeki türkamerikan liderlik akademisi başvuruları devam
politics,türkamerikan liderlik akademisine başvurular devam
politics,chanc merkel
politics,pms
politics,davutoglu
politics,airstrikes
politics,alsalaam aleppo
politics,erdogan airstrikes
politics,antiwestern prowestern
politics,erdogan
politics,riyad hijab
politics,brookings
politics,cavusoglu
politics,depts
politics,davutoglu
politics,assad
politics,pkk
politics,davutoglu  pyd
politics,bidens
politics,eresses
politics,davutoglu
politics,biden erdogan
politics,commr  bln
politics,netanyahu eresses
politics,davutoğlu ceos  bln
politics,biden bw
politics,biden bw
politics,davutoglu
politics,countrys
politics,govs
politics,davutoglu
politics,attemption
politics,obama
politics,bidens twoday
politics,antiisis
politics,erters
politics,website
politics,stoltenberg
politics,dpm
politics,icymi website
politics,merkel
politics,rts
politics,obama wıthdraw
politics,eresses
politics,dunford
politics,usturkey
politics,turkeyisrael usturkey
politics,usturkey kurds
politics,wexler usturkey
politics,usisrael usturkey
politics,wexler
politics,kosebalaban
politics,kosebalaban
politics,eect usesque
politics,usturkey
politics,usturkey
politics,usturkey
politics,usturkey
politics,adhoc
politics,wexler
politics,wexler
politics,kosebalaban
politics,usturkey
politics,simsek
politics,simsek
politics,kurds
politics,kurds simsek
politics,simsek
politics,simsek
politics,simsek
politics,simsek
politics,ould
politics,ttip  simsek
politics,simsek
politics,eanding simsek
politics,ttip
politics,ei eand simsek
politics,simsek
politics,simseks
politics,usturkey taskhonor
politics,simsek
politics,simsek
politics,simsek
politics,mehmet şimşek
politics,mehmet simsek http
politics,simsek
politics,simsek
politics,simsek
politics,simsek
politics,simsek
politics,mehmet şimşek
politics,mehmhet şimşek gdp
politics,mehmet şimşek
politics,tweetings
politics,mehmet simsek
politics,simsek
politics,simsek
politics,simsek
politics,simsek
politics,meh simsek
politics,mehmet simsek
politics,pyd usyet
politics,ottaway
politics,ottaway
politics,kurds ottaway
politics,ocalan
politics,hdp pkk kurds pkk hdp
politics,pkk
politics,kurds
politics,pkk öcalan
politics,conditionsactorsmentality
politics,pyd pkk
politics,pkk
politics,pkk
politics,ocalan
politics,kurds
politics,conferance
politics,etyen mahçupyan washingtonda toplantısında konuşuyor
politics,akparty
politics,nofly
politics,ozcan
politics,ozcan
politics,strat
politics,ozcan eeriencing
politics,tothe
politics,assad assad
politics,govs
politics,mesut ozcan
politics,fron
politics,mesut ozcan
politics,securith
politics,dunford
politics,website
politics,nsa erdoğan
politics,erdogan
politics,icymi  website
politics,obamas
politics,davutoğlu
politics,eus  mln
politics,mehmet şimşek
politics,augusts obamas
politics,jan
politics,rebelheld
politics,çavuşoğlu airstrikes
politics,bashiqa
politics,merkel
politics,website
politics,nonisis  mankoff
politics,mankoff
politics,putins
politics,manoff
politics,turkishrussian
politics,mankoff
politics,mankoff
politics,bc
politics,mankoff
politics,mankoff assad
politics,manoff
politics,mankoff
politics,putin
politics,incirlik eands
politics,davutoğlu
politics,pkks
politics,erdogan
politics,davutoglu
politics,antiterror
politics,impl
politics,http
politics,erdoğan putin
politics,pulles
politics,kılıç buğra
politics,davutoğlu biden
politics,antiterror
politics,davutoglu
politics,bln
politics,barzani  erdogan
politics,barzani
politics,crossborder
politics,eects
politics,bw
politics,erdogan
politics,airstrikes daesh
politics,pravda
politics,eerts
politics,turcorussian tolster
politics,davutoğlu facetoface
politics,airbase
politics,euturkey
politics,syrianturkish
politics,assad
politics,obama erdogan
politics,obama
politics,erdogan
politics,jumpstart
politics,davutoğlu uk
politics,obama
politics,erdogan
politics,davutoğlu
politics,fjet
politics,opinon glocal
politics,lavrov
politics,obama putin
politics,erdoğan putin  assads  têteàtête
politics,erdoğan
politics,opinon gzero
politics,obama
politics,bln
politics,isisfree
politics,assads
politics,icymi wexler
politics,turkishamerican oraganizations obama
politics,figher airbase
politics,erdogan
politics,erdoğan
politics,erdogan davutoglu obama
politics,davutoğlu
politics,icymi
politics,incirlik airbase
politics,airbase
politics,tsipras
politics,sinirlioglu
politics,burhanettin duran
politics,wexler
politics,antierdogan antiakp
politics,wexler
politics,erdogan  wexler
politics,wexler
politics,eect pkk
politics,akp mps
politics,usturkey
politics,pmet wexler
politics,wexler
politics,wexler
politics,antiisil
politics,daesh
politics,wexler
politics,countrys
politics,examing
politics,registeration
politics,ypg eanding
politics,obama
politics,airstrikes
politics,fivenation
politics,assad
politics,britney sinouk
politics,pyd
politics,elore
politics,assads bw
politics,davutoglu assads
politics,aleppo eected
politics,valls
politics,erdogan
politics,sixmonth assad
politics,airbase adana
politics,amnestys
politics,merkel  davutoglu conitnues safezone
politics,longterm
politics,obamas
politics,erdoğan obama
politics,syrias
politics,ypg
politics,davuoglu
politics,merkel europes
politics,website
politics,website
politics,taspinar isil
politics,bowen pyd
politics,taspinar kurds pkk demirtas erdogans
politics,taspinar
politics,taspinar
politics,taspinar eeriencing
politics,bowen obama
politics,bowen
politics,bowen usturkey
politics,bowen
politics,eerienced
politics,hdp tacticalvotes
politics,mhp hdp
politics,livetweeting
politics,angela merkel
politics,riskaverse
politics,davutoğlu
politics,website
politics,assad
politics,eus
politics,website
politics,russianato
politics,assad
politics,eects
politics,erdoğan
politics,erdogan
politics,erdogan
politics,airstrikes
politics,usrussian
politics,erdoğan
politics,sinirlioğlu airstrikes
politics,erdogan
politics,refugeecrisis
politics,europes
politics,davutoğlu soughtafter
politics,davutoglu
politics,assad
politics,davutoglu
politics,davutoğlu tsipras
politics,antiis airbase
politics,airstrikes
politics,postisis
politics,kimoon
politics,mccain
politics,usturkey pyd pkk
politics,usturkish
politics,pkk
politics,isil assad
politics,davutoğlu
politics,sinirliogulu
politics,sinirlioğlu
politics,sinirlioglu
politics,qatari
politics,davutoğlu
politics,erdogan withoutwith assad
politics,merkel
politics,assad erdoğan
politics,erdoğans
politics,washingtons pyd
politics,erdoğan
politics,erts
politics,frontline
politics,whenev
politics,doug kadir ustun http
politics,omar hossino
politics,omar hossino  kadir ustun doug http
politics,intere
politics,kadir ustun
politics,davutoglu
politics,sinirlioğlu
politics,uss
politics,turkishus
politics,elore
politics,augusts obamas website
politics,burkina faso
politics,assads
politics,hollande
politics,erdoğan
politics,partys
politics,sinirlioğlu moscows
politics,borderhtt
politics,erdoğan germanys merkel
politics,unhcr
politics,eus
politics,augusts obamas
politics,oic
politics,frederic hoff
politics,hof
politics,hof
politics,augusts
politics,russias assad assad
politics,governancethe
politics,assads
politics,obama bashar
politics,assads
politics,obama
politics,obama assad
politics,augusts obamas
politics,cizre
politics,augusts obamas
politics,obamas
politics,augusts obamas
politics,eur
politics,wsj
politics,augusts obamas
politics,natos
politics,erdoğan hdp
politics,augusts obamas
politics,secretarygeneral kimoon pkks
politics,ahmet davutoglu
politics,augusts obamas
politics,davutoğlu
politics,eus
politics,kadyrov
politics,pkk
politics,erdoğan
politics,erdoğan
politics,davutoğlu
politics,iranianbacked
politics,incirlik pkk
politics,erdogan
politics,merkel
politics,asiapacific
politics,mhps
politics,kılıç buğra
politics,davutoğlu erdoğan
politics,airstrikes
politics,öcalan
politics,visafree
politics,augusts obamas
politics,alnusra ustrained
politics,davutoğlu
politics,antiis
politics,erter
politics,antiisil çavuşoğlu
politics,ysk
politics,erdoğan
politics,businesspeople postsanction
politics,çavuşoğlu antiisis
politics,erdoğan
politics,trainandequip
politics,erdoğan
politics,ysk
politics,maliki
politics,pkk
politics,davutoğlu mhp
politics,antiisil airstrikes incirlik
politics,mhp devlet bahçeli
politics,cnn airstrikes
politics,usturkey
politics,incirlik airbase
politics,brokering
politics,usturkey
politics,hamas mashaal
politics,çavuşoğlu
politics,incirlik airbase
politics,chp chp
politics,antiisil
