society,önemli gelişme çizgi kitabevini teşebbüsü tebrik kitap dostlarına davete icabetin kitabî
society,değerli okurlarımızı cağaloğlu şubemize bugün çay içmeye bekliyoruz
society,selçuk sosyoloji söyleşilerinde beylü dikeçligil konuşuyor sosyoloji insana ontolojiyi hatırlatan bilimdir
society,selçuk sosyoloji söyleşilerinde beylü dikeçligil konuşuyor sosyoloji hayatın bilgisidir
society,resim sergisi avrupanın mültecilerle imtihanı necmettin erbakan üniversitesi sbbf
society,kocaeli  kitap fuarindayiz      mayıs
society,selçuk sosyoloji söyleşilerinde beylü dikeçligil olgular arası ilişkiler anlatır üzerine
society,beylü dikeçligilin sunumuyla sosyal bilimlerde yarışan paradigmalar konulu ilham  dönem kapanış seminerimize
society,karamanoğlu mehmet üniversitesinde ali aydemir erhan tecim sosyoloji divanını anlattı
society,selçuk sosyoloji söyleşilerinde beylü dikeçligil olgular arası ilişkiler anlatır üzerine
society,selçuk sosyoloji söyleşilerinde beylü dikeçligil konuşacak olgular arası ilişkiler anlatır
society,lisesi öğretmen öğrencileri orta sıra üçüncü ahmet hamdi tanpınardır  eylül
society,ayfer tunç handan inci ismail coşkun edebiyatın sosyolojinin imkânları üzerine konuşacak  mayıs  amfi
society,erzurum kitap fuarindayiz    mayıs
society,edebiyat fakültesi konferansları ismail coşkundan akademi siyaset konusunu dinleyeceğiz  mayıs salı
society,mahalle mektebi  dosya tarz
society,inönü üniversitesinin düzenlemiş geleceğin inşasında imamhatip okulları uluslararası sempozyumda
society,selçuk sosyoloji günlerinde kıymetli hocam profdr kurtuluş kayalı türkiye fotoğrafını edebi metinler üzerinden anlatıyor
society,selçuk sosyoloji söyleşilerinde kurtuluş kayalı edebiyat sosyoloji metinlerinde türkiye fotoğrafı üzerine konuşa
society,mdr yrd gelecek hafta nüfus etüdleri enstitüsünde istanbulda yaşlıların mevcut durumu
society,bugünkü yazim kaybedilen mekânlar
society,dava arkadaşlığından kitap dostluğuna mekân hikayeleri
society,ölümünün yılında erol güngör hocayı rahmet minnetle anıyoruz
society,lisansüstü eğitimde okutulan bilimsel araştırma yöntemleri adlı derslerde okutulabilecek nitelikte eser teşekkürler
society,diyanet kutlu doğum haftasına güven temasını seçmişbu konuda nitelikli çalışmayı
society,selçuk sosyoloji sunumları bedeni kurgulamak islami romanlarda kimlik hüseyin çil
society,erzurumlu gençler yazarlarla buluşuyor nissan  ikinci etabı  hüseyin ali utku erzurum narman oltu
society,selçuk sosyoloji söyleşilerinde kurtuluş kayalı edebiyat sosyoloji metinlerinde türkiye fotoğrafı üzerine
society,kurtuluş hoca dinlenmez kaçırmayın
society,selçuk sosyoloji söyleşilerinde kurtuluş kayalı konuşacak edebiyat sosyoloj metinlerinde türkiye fotoğ
society,araştırmalarda krizi aşmak stratejiyi anlatıyor
society,özgür arun saha insanı savurur darmadağınık eder müthiş öğreticidir
society,selçuk sosyoloji söyleşilerinde doç özgür arun larvatus prodeo araştırmalarda krizi aşmak strateji ü
society,bilim felsefesi üzerine kitap ontolojiyi hatırlamak sosyolojide yöntem sorunu  beylü dikeçligil
society,cotütengil hocamızın doktora sınıfından arkadaşımdeğerli meslekdaşım beylü dikeçligilden sosyolojinin ontolojisine dai
society,taşra haldir haller içinde gizlenir görmek gözanlatmak sözyazmak gerekir şairin şiirihocaları
society,selçuk sosyolojiden ali aydemir görünme biçimlerinin süslü üzerine konuşuyor
society,üniversitesi sosyoloji bölümünde profdr ahmet çiğdem bilimler bilim pratikleri eleştirel teori üzeri
society,taşra halleri  köksal alver
society,sosyoloji divanı dergisi yıl sayı  temmuzaralık  özel sayı sosyolojik muhayyile
society,sosyoloji divanı kitaplığı dizisinin ikinci kitabı beylü dikeçligilin ontolojiyi hatırlamak adlı eseri kitapçıl
society,araştırma deneyimleri yrd doç murat şentürkün açış konuşmasıyla başladı
society,ontolojiyi hatırlamak beylü dikeçligil
society,sosyoloji divanı kitaplığı dizisinin ikinci kitabı beylü dikeçligilin ontolojiyi hatırlamak adlı eseri kitap
society,sosyoloji divanı hakkında ayrıntılı bilgi
society,erol erdoğan hocamıza muhabbetinden teşekkür ediyoruz
society,yusuf kaplan hocamıza hassaten ziyareti tavsiyeleri sebebiyle şükranlarımızı sunuyoruz
society,anadolunun kitapları genşleri ziyaret ettim çay ikram ettiler
society,ilginiz teşekkür eder keyifli okumalar dileriz
society,haftanın kitapları
society,sosyoloji divanında  indirim toplam
society,fuara özel kitaplarda  setlerde  indirim vardır dostları bekliyoruz
society,sosyoloji divanı sosyolojik muhayyile sayısında teoman duralı muhayyile hafıza toplum felsefesi üzerine güzel
society,özel sayı konusunu yazmayı ihmal etmişim sosyolojik muhayyile
society,özel sayısında dikkate değer yazı ibrahim nacaktan merkeze ithafen taşranın hikayesi sayı
society,cnr kitap fuarı bugün kapılarını okurlarına açtı sosyoloji divanı  nolu çizgi kitabevi standı
society,cnr kitap fuarı bugün kapılarını okurlarına açtı sosyoloji divanı  nolu çizgi kitabevi
society,bugünün güzellikleri
society,sosyoloji divanı özel sayısosyolojik muhayyile
society,köksal alverin editörlüğünde sosyoloji divanı kitaplığı serisinin kitabı taşra halleri raflarda yerini aldı
society,okuma tavsiyesi sosyoloji divanı dergisi sosyolojik muhayyile özel sayısı
society,kurtuluş kayalı üniversitesi sosyoloji bölümünde edebiyat sosyoloji üzerine konuşacak
society,yarın sosyoloji günlerinde hoca ağabeyi kurtuluş kayalıyı dinliyor
society,sosyoloji günlerinde  şubatta kurtuluş kayalı türkiyeyi okumak edebiyat sosyoloji üzerine konuşacak
society,sosyoloji divanı  şubat  tarihleri arasında cnr kitap fuarında
society,sosyoloji divanı  şubat  tarihleri arasında cnr kitap fuarında
society,çizgi kitabevi yayınları  şubat    uluslararası cnr kitap fuarı    nolu standdayı
society,yrddoçibrahim nacak salı günü karşısında taşra söyleşisini yapacaktüm dostları ögrenci
society,yaşlı nüfus insanların yalnızlığı depresyonu artıyor yaşlı psikolojisi yaşlı sosyolojisi
society,ekşi sözlükte yazmışlar sosyoloji divanı adının hakkını verir demişler sosyoloji divanı
society,toplumsal yaşamın işlerliğinde önemli klişeler yaşam bilim üzerinde olumsuz etkilere sahiptir faruk turgut
society,üniversitesi sosyoloji bölümünde ali ergur teknoloji karşısında ustalık bilgisinin dönüşümühekimler
society,cins dergi sayı harika gündelik hayat sosyolojisine örnekler sunuyor okunası htt
society,abonelik konusunda iletişime geçebilirsiniz
society,farkında mısınız sosyoloji divanı özne önemli dergi konyada çıkıyor sosyoloji felsefe dergisi
society,okuma saatleri
society,uzun aradan geç başlamak lazım yerden
society,üniversitesi sosyoloji bölümünde coşkun taştan izzeddin şadanın dünyasında bilim psikanaliz üzerine
society,kurtuluş kayalı üniversitesi sosyoloji bölümünde edebiyat sosyoloji üzerine konuşacak
society,konyanın leziz tostçusu hayat tostcusundan selçuk sosyoloji bölümüne davet  hayata katıl şehre dokun insanı
society,sosyolojinin topluma dokunması takdir gördü hayata dokunun hayat karşılık verecektir
society,üzerinden satış yapan sitelerden iletişime geçerek edenilirsiniz
society,sosyolojik muhayyilem geldi
society,büyük külliyata ilerliyor
society,sosyoloji divanı muhayyile özel sayısında ibrahim nacak merkeze ithafen taşranın hikâyesi yazdı
society,muhayyile özel sayısında suvat parin bugün işler diyalogdan dilencilik çalışmalarına uzanan araştı
society,sosyoloji divanı muhayyile özel sayısında serhat güney kör bilim sosyoloji konusunu yazdı
society,sosyoloji divanı  sayı sosyolojik muhayyile  sosyoloji mektebi
society,sosyoloji divanı    özel sayı sosyolojik muhayyile dosyası kitap raflarında yerini aldı
society,muhayyile sayısında ertan özensel sosyolojik muhayyile araştırmaları deneyiminin
society,muhayyile özel sayısında uğur çağlak sosyolojiye giriş kitaplarında sosyolojik muhayyile tartışmaları konusunu
society,muhayyile sayısında ali aydemir hüseyin özil sosyolojik teorinin tipleri alternatif okuma denemesi
society,sosyoloji divanı muhayyile özel sayısında ş teoman duralı hoca muhayyile hafıza toplum felsefesi üzerine söy
society,muhayyile sayısında ahmet koyuncu sosyolojinin pratisyenleri üzerine asimetrik tartışma toplumsal kabul
society,sosyoloji divanı muhayyile özel sayısında alkan üstün gazete sosyolojik muhayyile konusunu yazdı
society,sosyoloji divanı muhayyile özel saysında zehni özmen kayıp tahayyülün izinde hocaların tarafı nı yazdı
society,sayı kitabevlerine gönderilmeye başlandıancak  kitapyurdu idefix yerlerden edinebilirsiniz
society,sosyoloji divanı muhayyile özel sayısında ş teoman duralı hoca muhayyile hafıza toplum felsefesi üzerine
society,sosyoloji divanı muhayyile özel sayısında faruk turğut klişeleri aşmak sosyolojik düşüncenin ezberleri üzerine
society,sosyoloji divanı muhayyile özel sayısında ahmet ayhan koyuncutekniğin ontolojisi kültürteknik meselesini dü
society,sosyoloji divanı muhayyile özel sayısında özgür taburoğlu küçük şeylerin vicdanı başlıklı yazıyı kaleme aldı
society,sosyoloji divanı muhayyile sayısında ahmet demirhan göbeğini kaşıyan adamın psikanalizi mazlumluk muha
society,osmanlı felsefe mirasında ciddi birikim oluştu teşekkürler
society,sosyolojik muhayyile sayısı elime ulaştı eksik olmayın
society,sosyoloji divanı muhayyile sayısında ahmet demirhan göbeğini kaşıyan adamın psikanalizi mazlumluk
society,sosyoloji divanı muhayyile özel sayısında özgür taburoğlu küçük şeylerin vicdanı başlıklı yazıyı kaleme aldı
society,sosyoloji divanı muhayyile özel sayısında ahmet ayhan koyuncutekniğin ontolojisi kültürteknik meselesini
society,sosyoloji divanı muhayyile özel sayısında faruk turğut klişeleri aşmak sosyolojik düşüncenin ezberleri üzerine
society,sosyoloji dergisi artık ingilizce konuşacak
society,araştırmacıları araya getirerek sağlam sayı çıkaran editörlerin eline sağlık
society,tutacak şehri tutacağız
society,sosyoloji divanı sosyolojik muhayyile özel sayısı çıktı
society,özgür arun türkiyede sosyal araştırmanın makamı larvatus prodeo sosyal araştırmalarda krizi aşmak
society,sosyoloji divanı muhayyile özel sayısında fahri çakı sosyal araştırma müdahale projecilik konusunu ele aldı
society,söyleşi kenan çağan popüler kültür aydın ideoloji sanat sosyolojisi edebiyat sosyolojisi islamcılık düşü
society,sosyoloji divanı sosyolojik muhayyile özel sayısı çıktı
society,nın sayısı muhteşem düşünce sanat siyaset ekseninde sosyolojik muhayyile kaçırmayın derim
society,sosyoloji divanı yayınlanan sayısında sosyolojik muhayyile meselesine odaklanıyor konuyu detaylı şekilde
society,kitapyurdu idefix konya çizgi kitabevinden ulaşabilirsiniz
society,sosyoloji divanı sy  teşekkürler
society,nın sayısı muhteşem düşünce sanat siyaset ekseninde sosyolojik muhayyile kaçırmayın
society,sayısını yusuf hocamız tavsiye etmiş önemli
society,sosyoloji divanı sosyolojik muhayyile özel sayısı çıktı
society,sayımızın baskısı tükendi kısa sürede basılacak içerisindeki yazıları kısmen barındıran taşra hallerini tavsiye ederiz
society,kapsamlı sayı yapılır haber verilmez
society,sosyoloji divanı muhayyile özel sayısında ş teoman duralı hoca muhayyile hafıza toplum felsefesi üzerine
society,sosyoloji divanı muhayyile özel sayısında ejder ulutaş sosyal bilim muhayyilesinde kör kuyu sağduyu konusunu
society,sosyoloji divanı muhayyile sayısında nilüfer öztürk aykaç sosyoloji felsefe toplum düşüncesinde yaratıcı
society,sosyoloji divanı muhayyile özel sayısında mevlüt özben postmodern sosyolojik muhayyile mucizelerin peşine düşmek
society,levent taş sosyolojik muhayyile sosyolojide muhayyile türkiyede sosyolojik muhayyile sosyol
society,sosyoloji divanı muhayyile özel sayısında necmettin doğan kantçılık arasında simmel toplumsal tahayyü
society,sosyoloji divanı muhayyile sayısında beylü dikeçligil bilimsel paradigmaların oluşumunda dönüşümünde sosyolojik
society,sosyoloji divanı muhayyile özel sayısında köksal alver sosyolojik muhayyile makalesinde düşünme yorum üzerinde
society,sosyoloji divanı muhayyile özel sayısında mustafa aydın sembolden işaretsele düşüncenin dönüşümü konusunu yazdı
society,sosyoloji divanı muhayyile özel sayısında milay köktürk muhayyile bilgi kanaat duygu konusunu yazdı
society,sosyoloji divanı sosyolojik muhayyile özel sayısı çıktı
society,sosyoloji divanı sosyolojik muhayyile özel sayısı çıktı
society,sosyoloji divanı dergisi yıl sayı  temmuzaralık  özel sayı sosyolojik muhayyile
society,sosyoloji divanı sosyolojik muhayyile özel sayısının sayı editörlüğünü ali aydemir uğur çağlak üstlendi
society,sosyoloji divanı    özel sayı sosyolojik muhayyile
society,sosyoloji divanı sosyolojik muhayyile özel sayısı çıktı
society,sosyoloji divanı dergisi yıl sayı  temmuzaralık  özel sayı sosyolojik muhayyile  kollektif
society,sosyoloji divanı sayısında duyarlı bakışlı estetik sosyolojinin yerleşmesi sosyolojik muhayyiley
society,sosyoloji divanı yayınlanan sayısında sosyolojik muhayyile meselesine odaklanıyor konuyu detaylı şeki
society,üniversitesi örneği araştırmasına dayanan üniversitede gönüllü kitabının metni
society,sosyolojinin bitmez tükenmez kaynağı insan hikayeleri insan yüzleri insan nefesidir insanı dokuyan gergefi bilmek sosy
society,türkiyede sosyoloji geleneği toplumsal tiplere yaklaşım sorunu aracılığıyla
society,ömer günenç mitolojik yapı mardin evinde mahremiyet sosyoloji divanı sy
society,uğur tanyeli söyleşisi toplumsallık üretim biçimi mimarlık sosyoloji divanı
society,sayımızın resmidir tesbihin
society,sosyoloji divanı çıkacak sosyolojik muhayyile özel sayısı toplantısını gerçekleştirdi
society,sosyolojik düşünmenin ustalarından bauman mühim külliyata imza atıp dünyadan göçtü
society,konyanın meşhur yemek ustalarından kurucu kazım ağa vefat rahmet eylesin
society,sosyoloji divanı toplantısına istanbuldan katılan yusuf adıgüzel murat şentürk hocalarımıza teşekkür ediyoruz
society,sosyoloji divanı çıkacak sosyolojik muhayyile özel sayısı toplantısını gerçekleştirdi
society,konyada yoğun kar yağışı devam kar savunmasına muhabbete engel
society,beyaz haber kar tatilinde söyleşiye gelen öğrencilerin amfiye yaydığı tatlı havayı teneffüs etmek
society,selçuk sosyoloji söyleşilerinde yusuf adıgüzel türkiyenin göç hikayesini anlatıyor
society,selçuk sosyolojide söyleşi başlıyor doç yusuf adıgüzel türkiyenin göç hikayesi
society,türkiyenin göç hikayesini dinleyeceğiz
society,göç sosyolojisi  yusuf adıgüzel  kitapyurdu yayıncılık iletişim aş
society,türkiyede hatipli temel sorunlar beklentiler değer yapıları  ertan özensel
society,türkiyede kırsal yapıların dönüşümü kır sosyolojisi  ertan özensel  kitapyurdu yayıncılık iletişim aş
society,kanaat önderi
society,toplumsal tipler  mehmet ali aydemir  kitapyurdu yayıncılık iletişim aş
society,sosyal hareketler çağı  erhan tecim  kitapyurdu yayıncılık iletişim aş
society,sağlık sosyolojisi yazıları  erhan tecim  kitapyurdu yayıncılık iletişim aş
society,imgeyi doğuran hayat hayatta kalmanın hayatı biçimlendirmenin imge haline gelmekle mümkün bildirir
society,aralık cuma konyadayız selçuk sosyoloji söyleşilerine katılacağız türkiyenin göç hikayesini konuşacağız
society,estetiği şefkat merhamet muhabbetle hayatı güzelleştirmenin hayata incelik katmanın kentin bedenindeki kutlu
society,olanca narinliğiyle gökten inip ağaç dallarına sarılan karın insana ilhamı kar kardeşliği
society,yaşındaki suriyeli mustafa aç kalayım evsiz kalayım yeter bilgisayarım
society,halepin çığlığına dünyanın rengine kanmış bilinçlerimiz sağır halep endülüsün taze kederi halep
society,edebiyatın sunduklarının sosyolojik değer taşıyıp taşımadığına sosyolog karar verir
society,halepin çığlığına dünyanın rengine kanmış bilinçlerimiz sağır halep endülüsün taze kederi halep
society,istanbulda gerçekleşen terör saldırısını lanetliyor şehitlerimize rahmet yakınlarına başsağlığı diliyoruz
society,istanbulda gerçekleşen terör saldırısını lanetliyor şehitlerimize rahmet yakınlarına başsağlığı diliyoruz
society,bugünkü yazım şehir gelenek mekan
society,selçuk sosyoloji söyleşileri  türkiyenin göç hikâyesi sosyoloji öğrencileri ilgililer davetlidir
society,hastalarla iletişim  yasin bulduklu  kitapyurdu yayıncılık iletişim aş
society,sosyal hareketler çağı  erhan tecim  kitapyurdu yayıncılık iletişim aş
society,sağlık sosyolojisi yazıları  erhan tecim  kitapyurdu yayıncılık iletişim aş
society,kanaat önderi liderlik fenomenolojisi  ejder ulutaş  kitapyurdu yayıncılık iletişim aş
society,toplumsal tipler  mehmet ali aydemir  kitapyurdu yayıncılık iletişim aş
society,selçuk sosyolojiden ali aydemirin kitabı toplumsal tipler açılım kitap tebrikler
society,selçuk sosyolojiden ejder ulutaşın kitabı kanaat önderi açılım kitap tebrikler
society,konya selçuk üniversitesi sosyoloji bölümü öğretim üyesi mustafa aydın hocamız kitap yazar kapsamında konuşmaları
society,akif emreden şehir mekân kitabı büyüyenay yayınları
society,ferhad tekinden günümüz dünyasını anlama derdindeki nitelikli çalışma sosyal hareketl
society,editörlüğünü üstlendiği alanında yetkin yazarların katkı sunduğu önemli çalışma sağlık sosyolojisi
society,sosyolojik muhayyile sosyolojinin hakikatli yolu yürümesi yanıp duran işaret fişeği
society,özel fotoğraf  yazarın yorumlarından oluşan diasporatürkün kitabı göçüp kalanlar yayınlandı
society,öğretmenlerimizin öğretmen adaylarının günü kutlu
society,alver sosyoloji edebiyat insana topluma olanları keşfetmeye anlamaya kavramaya yönelik
society,sosyoloji günleri ilgi takip köksal alver edebiyat toplumun hafızasının sunulmasıdır
society,sosyoloji günlerinin sinde köksal alver edebiyat sosyolojiye anlatır bugün edebiyat
society,sayısında mimarlığın izinde dosya konusu çıkan sosyoloji divanı ocakta sosyolojik muhayyile özel sayısı
society,tüyap kitap fuarında  gün fuara özel sosyoloji divanı dergisi  indirimli
society,sosyolojik muhayyile sayısından hocam
society,sosyoloji divanı özel sayısı sosyolojik muhayyile ocakta kitapçılarda
society,sosyoloji günlerinde  kasımda amfi edebiyat sosyolojiye anlatır başlığı köksal alve
society,düşüncesi sosyoloji sempozyumunda nebide siyasi düşünceyi anlattık hoca erol güngörü anla
society,orhan türkdoğan  kasım çarşamba günü tüyapta kitaplarını imzalıyor
society,sosyologun kuşandıkları merak hayret hikmet muhabbet
society,sosyoji divanı tüyap kitap fuarında
society,gençlik gönüllülük konusunda türkiyenin kapsamlı araştırmasını yaptık kitaplaştırdık kasımda bekleriz
society,gönüllü akademisi nedir cevaplar  kasımda
society,kasım tarihleri arasında tüyap kitap fuarındayız
society,diyor sizleri bekliyoruz
society,kasım tarihleri arasında tüyap kitap fuarındayız
society,kasım tarihleri arası tüyaptayız
society,türkiyede hatipli temel sorunlar beklentiler değer yapıları  aydemir ertan özensel
society,sosyal hareketler çağı  erhan tecim  kitapyurdu yayıncılık iletişim aş
society,sağlık sosyolojisi yazıları  erhan tecim  kitapyurdu yayıncılık iletişim aş
society,göç sosyolojisi çikti
society,sosyoloji insan hikayelerini kulağıyla dinleyen bitmez merakla gözleyen hayretle bakan hikaye derleme sanat
society,selçuk sosyoloji sohbetleri  akif emre insan mekanı anlatıyor
society,bölümümüz öğretim üyesi doç yusuf adıgüzelin göç sosyolojisi kitabı çıktı
society,abdden türk bilim insanına yükselen yıldız ödülü
society,sosyoloji ince bakışla insanı hayatı keşfe çıkan adım
society,işbirliğiyle ilham   dönem toplu seminerleri başlıyor açılış seminerimize herke
society,kasımda saat amfi köksal alver edebiyat sosyolojiye anlatırbaşlıklı konuşmasıyla
society,sosyolojik muhayyile hayatın özünü anlamanın ince yollarından
society,selçuk üniversitesi sosyoloji bölümü hesabı
society,gerontolog meslek tanımları bugün resmî gazetede yayımlanmıştır  yıllık emeklerimizin karşılığını aldık hayırl
society,ilhamakademik kadrosuyla üniversite gibiseminerler başvurusu kabul edilen öğrencilere  başlık altında  ayrı
society,şehitlerimize allahdan rahmet milletimize baş sağlığı diliyoruz
society,sanat sosyolojisi adına ümit verici katkı olmuş sosyoloji estetik tartışmaya başlasın artık buralarda
society,sosyoloji divanı dergisi
society,sosyoloji divanı dergisi yıl sayı ocakhaziran   kollektif  kitapyurdu yayıncılık iletişim aş
society,sosyoloji divanı   mimarlığın izinde
society,sosyoloji divanı dergisi  mimarlığın izinde aracılığıyla
society,mimariinsan yaşamının temel odaklarından yapıyıbinayı kurma inşa etme tasarlama ölçülerini belirleme güzelleş
society,nın komşuluk dosya konulu sayısını okumamanızın ayıbını halının altına süpürdünüz
society,sosyoloji divanı sayısı mimarlığın izinde ayrıntılı bilgi
society,sosyoloji divanı sayısı mimarlığın izinde dosya konusu çıktı
society,dahası  yılında  yaşın üzerindekilerin sayısı türkiyede  katına çıkacak
society,sosyolog mimarlara sosyoloji divanı mimarlığın izinde
society,sinema toplumsal teori  sosyoloji mektebi
society,temmuzu ertan özensel hocalarımızla sosyolojik açıdan okuyoruz pazartesi saat
society,dönemin sosyoloji günlerinde  ekim salı günü amfida gökhan dumanı konuk edeceğiz
society,fakülte makaleleri mimarlığın izinde dosyası sayısında
society,üniversite sayısı arttı erişim kolaylaştı kitleselleşti şimdi kaliteye fazla özen göstermeliyiz kitabı
society,yükseköğretim tartışmalarını karşılaştırmalı sürdürmek yazdığımız kitap öneririm
society,öğrencilere eğitim öğretim yılında başarılar diliyoruz
society,sosyoloji divanı sayısı mimarlığın izinde dosya konusu çıktı
society,mimarlık şehircilikte ahlak kültür  sosyoloji felsefeye dersler  okunmadıkça yaşanabilir mesut şehirler inş
society,sosyoloji divanının sayısı yayımlandı sayıda düşünce editörümüz feyzeddin aytepenin yazısı
society,müfîd  felsefetefekkürhikmet sosyoloji divani dergisinin  sayisi çikti mimarliğin izinde
society,sosyoloji divanı sayısı mimarlığın izinde dosya konusu çıktı
society,kurban bayramınızı kutlar sağlık mutluluklar dileriz
society,canseverden koyunoglunaislam mimarisinde anlamafilistinden denizliyedolu dolu sayı
society,sosyoloji divanı dergisi  mimarlığın izinde sosyoloji sosyal bilim disiplinlerine
society,duyurulur
society,muammer ulutürk hocayla konuştuk
society,okumalar
society,sosyoloji divanı sayısı mimarlığın izinde dosya konusu çıktı
society,sosyoloji divanı sayısını mimarlığa ayırdı
society,sosyoloji divanı sayısını mimarlığa ayırdı kimlikkent sosyolojisi çalışan arkadaşlar özel
society,sosyoloji divanı dergisinin sayısının dosya konusu mimarlığın izinde içerik
society,sosyoloji divanı sayısı mimarlığın izinde dosya konusu çıktı
society,lerzan aras sosyoloji divanı dergisinde güzel konuyu kaleme almış
society,sosyoloji divanı sayısı mimarlığın izinde dosya konusu çıktı
society,bayramın öncüsü günün anlamına
society,sosyoloji divanı mimarlığın izinde dosyası hakkında detaylı bilgi
society,sosyoloji divanı sayısı mimarlığın izinde dosya konusu çıktı
society,arkiteracom haber sosyoloji divanı dergisinin sayısının dosya konusu mimarlığın izinde
society,sosyoloji divanı dergisinin sayısının dosya konusu mimarlığın izinde
society,sosyoloji divanı   dosya mimarlığın izinde
society,sosyoloji divanının sayısı mimarlığın izinde yayımlandı
society,sosyoloji divanı sayısı mimarlığın izinde dosya konusu çıktı
society,göbeğini kaşıyan adamın psikanalizi türklük melankoli başlık kalemine sağlık
society,sosyoloji divanı dergisinin sayısının dosya konusu mimarlığın izinde
society,bayhan  divanı mimarlığın izinde beşeri bilimlerin cezbeli teması dosya konusu olmuş
society,dergisinin sayısının dosya konusu mimarlığın izinde
society,sosyoloji divanı sayısı mimarlığın izinde dosya konusu çıktı
society,sosyoloji divanı sayısı mimarlığın izinde dosya konusu çıktı
society,sosyoloji divanı sayısı mimarlığın izinde dosya konusu çıktı
society,sosyoloji divanı sayısı mimarlığın izinde dosya konusu çıktı
society,sosyoloji divanı   mimarlığın izinde
society,feyza yarar  çatalhöyük
society,feyzeddin aytepe  kütahyada kabadayı hanı
society,zeki saka  ahşap ev yaşanmış numunesi mekânev
society,köksal alver  hürriyet caddesi
society,sosyolojiden murat şentürkün yazısı mimarlığın sosyolojinin karşılaşma alanı kamusal mekân
society,seyfettin kurt  şehrin çeyiz sandığı saray çarşısı
society,fatih özkafa  mimaride buluşan sanatlar
society,ejder ulutaş  taşradan insan manzaraları
society,ahmet demirhan  göbeğini kaşıyan adamın psikanalizi türklük melankoli
society,uğur tanyeli söyleşi toplumsallık üretim biçimi mimarlık
society,aynur  mekân kültür politika bağlamında denizli kimliği
society,abdullah asım divleli  arap milliyetçiliğinden yerel kimlik inşâlarına istisnaî içerideki filistin kimliğinin inşâsı
society,ahmet çaycı  mimarisinde anlam meselesi
society,lerzan aras  yerin ruhunun izleri mimarlığın masumiyet çağına dönüşü
society,faruk turğut  şehir düşlemek turgut cansever mimarlığı üzerine çözümleme
society,ömer faruk günenç  ankaranın inşasında mimar arif hikmet koyunoğlu
society,vedia derda taşar  fiziksel inşadan enformasyonel inşaya kentsel mekânın kentinde dönüşümü
society,murat şentürk  mimarlığın sosyolojinin karşılaşma alanı kamusal mekân
society,melek kutlu  halil ibrahim düzenli  cumhuriyet dönemi istanbulunda cami mimarisi
society,emin selçuk taşar  ihtiyaç kavramının mekân politiği çamlıca camii örneği
society,erhan fındıklı  türk romanında barınma kültürü kübik apartman imgesi toplumsal cinsiyet
society,ömer faruk günenç  mitolojik yapı mardin evinde mahremiyet
society,sayıda sıtkı karadeniz usulü yöntemin öznesi kılmak kavramsal iz sürme denemesini yazdı
society,sosyoloji divanı dergisi yıl sayı ocakhaziran   kollektif  kitapyurdu yayıncılık iletişim aş
society,sosyoloji divanı   mimarlığın izinde
society,sosyoloji divanı sayısı çıkmış mimarlığın izinde
society,sosyoloji divanı sayısı mimarlığın izinde dosya konusu çıktı
society,temmuz direnişinin edebiyatımıza yansıyışına örnek
society,eylül sayısı dosyamız temmuz direnişi olacak dosya duygu düşüncelerinizi içeren yazılarınızı bekliyoru
society,arkadaşkar çağrıyı yenileyeyim mahalle mektebi sayımızda sayısı yapacağız türlü
society,mahalle mektebi beyaz bulut dergisi  temmuz kalkışmasını kınıyoruz şehitlerimize rahmet
society,dönem temmuz direnişi dosyası çıkıyoruz
society,milletin iradesine inancına hatırasına yönelen darbeleri lanetliyoruz
society,ramazan bayramınızı kutlar sağlık mutluluklar dileriz
society,konyada okunur konyada hayır yerde
society,güzel dergi zevk sahibi olanların dergisi kaç dergi şurasında zevkle okunacak http
society,ulaştık gururluyuz
society,yılın hitamı
society,atcoss kongre çağrısı
society,yazılmışı
society,haller  hayaller yaşadığını yazan yazdığını yaşayan kitabı
society,yerlilik düşüncesi kitabevlerinde yerini almış bulunuyor nette
society,haller hayaller  köksal alver  kitapyurdu yayıncılık iletişim aş
society,haller hayaller
society,haller hayaller
society,haller hayaller  köksal alver  kitapyurdu yayıncılık iletişim aş
society,düşünürlerin desteğini bekliyoruz
society,destek lutfen dusunen dusundukce gelisen nesiller
society,ders alanımız destek olurmusunuz
society,hilmi ziya ülkenin anadoluculuğu aracılığıyla
society,ertan özensel hocamız profesör olmuştur candan tebrik ederiz
society,göç sayısını okuyorum
society,yrddoçdr erhan tecim ailenin değeri sosyal üretme kapasitesi adlı söyleşiyi gerçekleştirecek
society,sosyolojisi yazıları mustafa aydın
society,politik sosyoloji ali yaşar sarıbay yayınları ucuza kitap
society,türkiyede toplumsal değişim lütfi sunar
society,sosyoloji divanı   dosya toplumsal hareketler sayı  sosyoloji dergisi
society,sınırın sosyolojisi devlet sınır insanları ferhat tekin
society,akışkan dünyada kültür zygmunt bauman
society,tepekent köyün kültürel dokusu köksal alver ahmet koyuncu aydemir uğur çağlak
society,tepekent köyün kültürel dokusu
society,sosyoloji dergisi göç özel sayısı makaleleri
society,ışık yükselir inşallah kolaylıklar dilerim
society,uluslararası dini araştırmalar küresel barış sempozyumumuz  mayısta bosnadayız hayra vesile
society,uluslararası dini araştırmalar küresel barış sempozyumumuzda gün oturumlar devam
society,haller hayaller köksal alver
society,kitabın sessizliği utandırmasın  önümüzdeki haftalarda dağıtımda
society,kitaplarda okuduğumuz hikayeler sokaklarda yaşanıyor
society,abdullah harmancı içinde dünyalar saklayan öykücü bodrumnisan
society,sosyoloji divanı  mayıs sirkeci tren istasyonu dergi fuarında
society,mahalle mektebi beyaz bulut sosyoloji divanı buradayız
society,sosyoloji divanı  mayıs sirkeci tren istasyonu dergi fuarında
society,sosyoloji divanı  mayıs sirkeci tren istasyonu dergi fuarında
society,dergisinin mayıs sayısında demet lüküslü ropörtajı gençlik midir
society,yrd doç ömer miraç yaman apaçi gençlik üzerine konuştuk gençler
society,fuchstan sosyal medya eleştirel giriş bugün çıktı adresinde  indirimle
society,ülkemizde dergicilik alanında önemli işi başaran yoluna devam dergi
society,muhteşem
society,haller hayaller taşranın ahbap koynunda
society,hayatı okuyan sokağa dokunan akademisyenlerden köksal alver hocanın haller hayaller kitabı yayımlandı http
society,sosyoloji divanının sayısı mimari dosya konusu çıkıyor
society,uluslararasi sosyal bilimler müslümanlar kongresi hegemonyakarşı hegemonya  mayıs konya
society,mayısta esin kuntay gökhan kara suça itilen çocuk konulu panelimizde bizlerle olacak
society,doç yusuf adıgüzel toplumsallaşma sürecinin aktörü interneti anlatıyor
society,tepekent  köyün kültürel dokusu
society,muhayyelin peşinde
society,hayırlı hayallerimiz tükenmesin
society,tepekent köyün kültürel dokusu  kitabevi sahaf  indirimli
society,köksal alverin kitabı haller hayaller
society,köksal alverin kitabı haller hayaller
society,tepekent köyün kültürel dokusu  köksal alverahmet koyuncu aydemir uğur çağlak
society,tepekent  köyün kültürel dokusu  çizgi kitabevi
society,komşuluk kültürü  ahmet koyuncu  kitapyurdu yayıncılık iletişim aş
society,türkiyede töre namus cinayetleri  mazhar bağlı ertan özensel  kitapyurdu yayıncılık iletişim aş
society,türkiyede kırsal yapıların dönüşümü kır sosyolojisi  ertan özensel  kitapyurdu yayıncılık iletişim aş
society,mahalle mektebi  ramazanın öncüsü
society,öykü paneline davet  perşembe saat  sbbf knf sln köksal alver ismail özen mehmet kahraman ulvi kubilay http
society,mültecilerin zor seçimi kalıp ölmek göçüp avrupada siyasi sorun
society,celaleddin çelik  taşranın değişen sosyolojisi  sosyoloji divanı  taşra fragmanları
society,besim dellaloğlu sosyoloji sohbeti  sosyoloji divanı
society,iiuluslararası uygulamalı bilimler kongresi göç yoksulluk istihdam
society,sakarya ü gıpta ettirici yayınlarına devam ediyorrandall collinsfelsefelerin sosyolojisientelektüel değişimin
society,sosyoloji klasiği batı sosyolojisinin yaklaşan krizi sakarya üniversitesi kültür yayınlarından çıktı
society,sosyoloji bölümü imkanları sosyoloji mektebi
society,özellikle felsefe sosyoloji öğrencilerimize kitabı ısrarla öneriyorum yaşam sanatı  zygmunt bauman
society,sosyoloji kamusu bugün doçent kazandı ahmet koyuncu hocamı tebrik ediyorum
society,sayısında göç konusu işleyen sosyoloji divanı sayısında mimari konusunu işleyecektir
society,mülteci ölümleri haritası
society,notlar dergisi konyada
society,orhan türkdoğanın kaleme aldığı değerler sistemi nden çıktı
society,mahalle mektebi meydan
society,güzel haber
society,sosyoloji divanı fuarı çizgi kitabevi standında
society,fuar boyunca sosyoloji divanı  indirimle satışta
society,konuda iletişim
society,sosyoloji divanı cnr kitap fuarı çizgi kitabevi standında  indirim sunuluyor
society,fuar boyunca  indirim
society,sosyoloji divanı  sayısı göç dosya konusu çıktı
society,konuda iletişim
society,sosyoloji divanı dergisinin sayısı göç dosyasıyla çıkıyor
society,sosyoloji divanı  sayı göç sosyoloji mektebi
society,sosyoloji divanı dergisi  sayı yayımlandı sayılar
society,çizgi kitabevi cnr kitap fuarı  blokta
society,çizgi kitapevi cnr kitap fuarında davetiye
society,sosyoloji divanı sayısında necmettin doğan türkiyede bireyin inşasında edebi tür romanın rolünü yazdı
society,ingilterenin yerleştirdiği mülteci sayısı  türkiyenin
society,sosyoloji divanı göç sayısında dosya editörlüğünü üstlenen ali zafer sağıroğluna teşekkür ediyoruz
society,sosyoloji divanı göç dosya konusu çıktı
society,sosyoloji divanı sayılar hakkında fazla bilgi
society,sosyoloji divanı göç dosya konusu çıktı
society,mahalle mektebi  dosya meydan
society,sosyoloji divanı   dosya  göç
society,sosyoloji divanı dergisi yıl sayı temmuzaralık   kollektif  kitapyurdu yayıncılık iletişim aş
society,sosyoloji divanı   dosya  göç   indirimli  dergi  aracılığıyla
society,sosyoloji divanı sulutasta  toplantısını gerçekleştirdi
society,hoca editòrlugunde hazırlanan göç sayisi raflarda emegi gecenlere tesekkurler
society,sosyoloji divanı  sayı   dosya göç  çizgi kitabevi
society,sosyoloji divanı   dosya  göç
society,sosyoloji divanı dergisi yıl sayı temmuzaralık   kollektif  kitapyurdu yayıncılık iletişim aş
society,sosyoloji divanı  sayısı göç dosya konusu çıktı
society,sosyoloji divanı  sayısı göç dosya konusu çıktı
society,zamanı
society,sosyoloji divanı sayıların özetlerini adresinden takip edebilirsiniz
society,sosyoloji divanı göç sayısında savaş çağlayan suriye savaşı suriyeli göçmenler teorik kavramsal anlama çabasını yazdı
society,köksal alver göç konusunda önemli metafor turnayı yazdı
society,sayıda hayat sahnesi bölümünde mahmut hakkı akın muhaciri yazdı
society,sosyoloji divanı göç sayısında hüseyin hayat sahnesi bölümünde değerli yazıyı tahta bavulu kaleme aldı
society,sayıda yeşim özer göçmenlere yönelik yabancı düşmanlığı türkiye tehlikeli olabilir konusunu tartıştı
society,sosyoloji divanı göç sayısında ali yaşar sarıbay değerli sosyoloji sohbeti gerçekleştrldi
society,sosyoloji divanı göç sayısında ayhan kaya refah fevletinden neoliberal devlete geçiş islamafobizm konusunu ele aldı
society,müşerref yardım göçmen algısından mülteci fobyasına avrupa tecrübesi konusunu işledi
society,sayıda faruk karaaslan göç öykü hafıza konusunu işledi
society,sosyoloji divanı göç sayısında mustafa aydın özel göç biçimi hicreti yazdı
society,sayıda ismail güllü çocuk sosyolojisi bağlamında almanyadaki göçmen türk çocuklarının dini toplumsallaşmasını yazdı
society,sosyoloji divanı göç sayısında duman göç kadın göç çalışmalarında toplumsal cinsiyetin önemini kadını anlamak konusunu işledi
society,sosyoloji divanı göç sayısında alpagu göç ekonomisini kaleme aldı
society,sosyoloji divanı göç sayısında yasemin çakırer özservet göçebeler göçmenler mekan şehre uyumu yazdı
society,sosyoloji divanı göç sayısında bahattin cizreli dünya sistemleri kuramı bağlamında batının göç haritasını yazdı
society,sosyoloji divanı göç sayısında ali zafer sağıroğlu türkiyenin değişen göç karakterini yazdı
society,batı üzerine konuşma jacques derrida söyleşi mustafa şerif çeviri sümeyye kavuncu
society,dergah kitabevlerinde bulabilirsiniz
society,sosyoloji divanı turhan kitabevlerinde
society,sosyoloji divanından göç dosyası
society,sosyoloji divanı sayı  dosya göç
society,sosyoloji divanı  sayısı göç dosya konusu çıktı
society,sosyoloji divanı  sayısı göç dosya konusu çıktı
society,sosyoloji divanı  sayısı göç dosya konusu çıktı
society,göç dosyasında dikkat çeken yazılar
society,sosyoloji divanı   dosya  göç   indirimli  dergi  aracılığıyla
society,sosyoloji divanı dergisi yıl sayı temmuzaralık   kollektif  kitapyurdu yayıncılık iletişim aş
society,sosyoloji divanı   dosya  göç
society,uluslararası göç örgütü çalışma arkadaşları arıyor
society,dergi dün baskıdan çıktı salı günü kitabevinde bulabilirsiniz
society,birbirini tamamlayan özel yazı mustafa aydın hicret mahmut akın muhacir yazıları dergimizde
society,hüseyin sunun tahta bavulu edebi anlatı içinde göç sembolizmi keyifli okumalar
society,göç sayısı çıktı ulaşım  iletişim
society,sosyoloji divanı göç dosyası ali yaşar sarıbay hocanın söyleşisi karşınızda
society,sosyolojiye okumak istiyorsanız takibe buyrun
society,sosyoloji mektebi yazılarınızı bekliyor ayrıntılı bilgi
society,yıl olmuş  medya çağında önemli haber kaynağı ikinci sırada arama google siteleri
society,dergi çıkar çıkmaz göndereceğiz yıldız hanım sosyoloji divanına yazmanız ziyadesi memnun eder
society,mahalle mektebi  dosya abdullah harmancı
society,sosyoloji divanı göç özel sayı editörü ali zafer sağıroğlunu tebrik ediyordergiyi heyecanla bekliyoruz htt
society,hayırlı sosyoloji divanı göç özel sayısı hazır
society,sosyoloji divanı göç sayısında ali yaşar sarıbay söyleşisi aldı
society,sosyoloji divanı göç sayısında hüseyin tahta bavulu yazdı
society,sosyoloji divanı  sayısı göç dosya konusu çıkıyor
society,türkiyede siyasal güven
society,sosyoloji divanı göç sayısı çıkacak hocam kontroller yapılıyor
society,izzetbegoviç üzerine yazdığımız ikinci baskısı bilgilerinize sunarız
society,çocukların kentsel mekan algısı
society,uludağ üniversitesi sosyoloji topluluğu  sosyoloji sempozyumunu düzenliyor
society,sosyolojiyle ilgilenenler faydalı
society,sinema toplumsal teori sosyoloji mektebi
society,deleuze felsefesi sosyoloji mektebi
society,eleştirel sosyoloji nedir  mektebi
society,tabakalaşma sayısına katkı bekliyoruz
society,uluslararası sosyal bilimler müslümanlar kongresi issmc  hegemonyakarşı hegemonya
society,katılmaktan büyük mutluluk duydum emeği geçenlere teşekkür ediyorum nın sayısını sabırsızl
society,evsahipliği yapan dostumuz köksal alver sayı editörü teşekkür ederim
society,sosyoloji divanı  sulutas toplantısına iştirak teşekkür
society,sosyoloji divanı  sulutas toplantısı göç dosyası mimari dosya konusu hazırlanmakta
society,notların  sayısı konyada hüner kitabevi çizgi kitabevi makro kitabevi enes kitabevi
society,sosyolojiyi düşünmek parsonsa temsil düşündüğü akademik sosyolojiye kapsamlı eleşt
society,mahalle mektebi  dosya sessizlik
society,göç terminolojisi
society,sosyoloji divanı   dosya toplumsal hareketler
society,yılında ziya gökalp darülfünununda sosyoloji kürsüsü kurdu
society,yaşlılık atölyesi  ekimde
society,derridaya ahlaki politik sorunlar mektebi
society,murat güzel sosyolojinin sokaklarında
society,odunpazarında kurulacak müzede göç sürgün temalı objeler görseller videolar canlandırmalar enstelasyonl
society,türk dünyası kültür başkenti seçilen eskişehirde türkiyenin göç müzesi kuruluyor
society,meb rehber öğretmenliği kursu açacak
society,kto karatay üniversitesinden araştırma görevlisi alım ilanı
society,tavsiye ediyorum gusteva kitleler psikolojisi
society,şehitlerimize rahmet eylesin ailesine milletimize sabırlar
society,çağdaş sosyoloji kuramları klasik kökleri ritzerjeffrey
society,eylem biçimi okumak
society,ilişkisel sosyoloji ontolojik teorik yönelimler
society,sosyolojisi koordinasyon toplantısı
society,mahalle mektebi  dosya konusu eski
society,nin sayısı kapak içeriğiyle efsane sayı olmaya kapak fotoğrafı
society,seyfettin kurt uğruna çirkinlikler güzelliği yazdıahseni takvimden esfeli safiline acıklı yürüyüş eylül
society,ahseni takvimden esfeli safiline acıklı yürüyüş güzelliğin ideolojisi aracılığıyla
society,seyfettin kurttan okunası güzel yazı
society,sayısında toplumsal hareketler konusunu inceleyen sayısında göç konusunu inceleyecektir
society,seçilmiş metinler bourdieu
society,sosyoloji divanı   taşra fragmanları  indirimli kolektif
society,sosyoloji divanı   toplumsal hareketler  kolektif   indirimli  dergi  aracılığıyla
society,sosyolojinin sokaklarında  açık görüş
society,sosyoloji divanı sayıların özet metinleri
society,tatilin demleri bakalım bakalımm
society,sosyoloji divanı   komşuluk  kolektif   indirimli   aracılığıyla
society,uzun yıllar ihmal edilmiş komşuluka ilişkin eserde önemli katkı
society,komşuluk kültürü  ahmet koyuncu  kitapyurdu
society,güncel kültürde temel kavramlar  mustafa aydın  kitapyurdu
society,siteril hayatlar  köksal alver  kitapyurdu
society,tarih boyunca  kökenleri geçirdiği dönüşümler geleceği  mumford  kitapyurdu
society,sosyoloji yazıları  sakarya üniversitesi sosyoloji bölümü ortak çalışması  mustafa kemal şan  kitapyurdu
society,sosyoloji divanı dergisi yıl sayı ocak haziran   toplumsal hareketler  kollektif  kitapyurdu
society,bakışla politik sosyoloji  ali yaşar sarıbay  kitapyurdu
society,filmlerle sosyoloji  bülent diken  kitapyurdu
society,hepsini okuyacak değiliz çocuklarımızın hakkı miöyle
society,sosyoloji  korkut   indirimli  kitap  aracılığıyla
society,toplumun mantığı  ali yaşar sarıbay   indirimli  kitap  aracılığıyla
society,çokkültürlü vatandaşlık  mazhar bağlı   indirimli   aracılığıyla
society,türkiyede toplumsal değişim lütfi sunarertan özenselyunus kayamustafa kömürcüoğlumustafa tekinmehmet
society,armağan kültürü dünden bugüne hediyeleşmenin dönüşen sosyokültürel ekonomik anlamları mehmet birekul
society,sosyal sermaye  mehmet ali aydemir   indirimli  kitap  aracılığıyla
society,stüdyo yaşamlar  indirimli samet ünlü
society,mekanın üretimi henri lefebvre
society,kentleşme göç  indirimli ahmet koyuncu
society,sınırın sosyolojisi devlet sınır insanları ferhat tekin
society,sözün sosyolojisi kadir canatan
society,kentin misafirleri suriyeliler  indirimli ahmet koyuncu
society,hayatta sosyoloji mustafa aydının kitabı sosyoloji ilahiyatın kesiştiği alanda sosyol http
society,sosyoloji divanı   toplumsal hareketler  indirimli kolektif
society,yıkık şapkalı kara adamlar hüseyin   toplumsal hareketler
society,sosyoloji divanı dergisi yıl sayı ocak haziran   toplumsal hareketler  kollektif  kitapyurdu
society,sosyoloji divanı   toplumsal hareketler  kolektif   indirimli  dergi aracılığıyla
society,sosyoloji divanı   toplumsal hareketler  kolektif  vatan kitap
society,görsel sosyoloji malzemesi sunuyor göç kültürü hakkında paylaştığı fotoğraflara bakın derim
society,teşekkür ediyoruz hocam
society,sosyoloji divanına emeği geçen herkesi kutluyorumve uzun ömürlü olmasını bekliyorum sevgilerimle
society,sosyolojinin sokaklarında  açık görüş
society,yaz okulunda selçuk ünivsosyoloji bölümünden profdr abdullah topçuoğlu yakın dönem türk siyasi tarihi dersini işledi
society,köksal hoca resimde ertan hoca şehir dışındaydı hocam
society,yazı çağrısı yaşlanmanın sosyolojisi özel sayısı  sayı
society,köksal alverin fotoğrafı akif emre konya ibni sokakta çekilmiştir
society,akif emre
society,fotograf guzelmis
society,murat güzel açık görüşte sosyoloji divanını yazdı
society,sosyolojinin sokaklarında  açık görüş
society,selamlarını iletiyor
society,editör köksal alver
society,sosyoloji divanı   toplumsal hareketler dergi  aracılığıyla
society,gelecek sayısında göç konusunu işleyecek sosyoloji divanı sulutasta biraraya geldi
society,paylaşılmayan mağrurun dili edebiyat eleştirisi ahmet demirhanın sde yazısını
society,nın  sayısı göç dosyasının divanı toplandı yol haritası çıkarıldı tamamına erdirsin
society,sosyoloji divanının sayısı toplumsal hareketler özel dosyası yayımlandı
society,türkiyede sosyolojinin  yılı özel sayısının  cildi çıktı linkten metinlerine erişebilirsiniz
society,sosyoloji divanı  sayısı toplumsal hareketler dosya konusu çıktı
society,sosyoloji divanı yapmaya çalışıyor
society,sosyoloji divanı hayat sahnesi kısmında zeki saka pancar mısırı ilknur ekiz suyun üstünlüğü melankolikleşmesi konusunu yazdı
society,sosyoloji divanı hayat sahnesi kısmında seyfettin kurt rampalı çarşıyı ahmet gökçen tunusu yazdı
society,akif emre bugün yazısında sosyoloji divanını değerlendirdi
society,bugünkü yazım
society,sosyoloji divanı yıl sosyoloji bölümlerini kazanan öğrencileri tebrik başarılarının devamını diliyoruz
society,aktörler değiştirmekte hanzala aynı yaşta aynı duruşla almaktadır sahnede köksal alver
society,hanzala çocuktur çocuk durmaktadır geçmekte dönemler çağlar değişmekte sahneler başkalaşmakta
society,köksal alverde hayat sahnesi bölümünde hanzala yı yazdı
society,sayıda değerli yazıyı hüseyin kaleme aldı yıkık şapkalı kara adamlar neşet ertaşı anlattı
society,sosyoloji divanı sayıda ramazan yelken atanmışların seçilmişler üzerindeki dayanılmaz vesayeti üzerine yazdı
society,psikanalitik yöntemin edebiyatta beliren unsurları çözümlemede işe yarayıp yaramayacağı konuları üzerinde durmaktadır
society,makalede edebiyat eleştirisinde ortaya çıkan doğubatı sorunubatının etkisiyle oluşan idealin edebiyat eleştirisinde kullanıldığı
society,sosyoloji divanı sayısında ahmet demirhan paylaşılamayan mağrurun dili edebiyat eleştirisi yazdı
society,sosyoloji divanı toplumsal hareketler sayısında sohbet bölümünde korkut değerli sosyoloji sohbeti gerçekleştirildi
society,sosyoloji divanı sayıların özet metinleri
society,muhammet cemal şahinoğlu sivil toplum mavi marmara olayı başlıklı makalesi sıcaklığını koruyan mavi marmara olayını değer
society,mehmet birekul toplumsal hareketler müziköylemden harekete marşlarezgilerile grup yorum ömer karaoğlu üzerinden değrlendrme
society,ertan özensel sosyal medyanın mısır devrimindeki rolünü yazdı
society,sosyoloji divanı sayısında ferhat tekin toplumsal hareketlerde bedenin temsili konusunu ele aldı
society,sosyoloji divanı dergisi yıl sayı ocak haziran   toplumsal hareketler
society,sosyoloji divanı dergisi yıl sayı temmuzaralık  asırlık sosyoloji
society,sosyoloji divanı dergisi yıl sayı ocakhaziran  toplumsal tipler
society,sosyoloji divanı dergisi yıl sayı temmuzaralık  komşuluk
society,sosyoloji divanı dergisi yıl sayı ocakhaziran   taşra fragmanları
society,sosyoloji divanı  sayısı toplumsal hareketler dosya konusu çıktı
society,sosyoloji divanında ayşegül dede toplumsal hareketler başka dünya talebi başlıklı yazıyı kaleme aldı
society,sosyoloji divanı dergisi yıl sayı ocak haziran   toplumsal hareketler
society,selahattin güven temsil krizinin siyaseti sosyal hareketler konusunu işledi
society,sosyoloji divanında erhan tecim toplumsal hareketler yenilik bağlamı konusunu işledi
society,sosyoloji divanı toplumsal hareketler sayısı özetleri
society,sosyoloji divanı  sayısı toplumsal hareketler dosya konusu çıktı
society,sosyoloji divanı sayı  çıktı sosyoloji mektebi
society,sosyoloji divanı dergisi yıl sayı ocak haziran   toplumsal hareketler
society,sosyoloji divanı  sayısıtoplumsal hareketlerdosya konusu çıktı
society,sosyoloji divanı  sayısı toplumsal hareketler dosya konusu çıktı
society,sosyoloji divanı  toplumsal hareketler dosya konusu çıktı
society,sosyoloji divanı dergisi yıl sayı ocak haziran   toplumsal hareketler
society,sosyoloji divanı dergisi yıl sayı ocak haziran   toplumsal hareketler
society,sosyoloji divanı  sayı   dosya toplumsal hareketler  çizgi kitabevi
society,göç dergisi göç çocuk özel sayısı yazılarınızı bekler acele edin
society,yol uzun yolculuk kısa hızlı trende köksal alver hocamın yazısı eşlik
society,murat ın ndaki yazısını okumayı unutma ndeki yazısı eşlik etsin
society,sosyoloji divanı toplumsal hareketler dosya konusu çıktı
society,sosyoloji divanı  sayı toplumsal hareketler dosya konusu
society,sosyal bilimler enstitüsü yüksek lisans doktora ilanı
society,arif abonelik hizmeti aktif değilancak üzerinden satış yapan sitelerden kitabevlerinden edlblr
society,istanbulda toplumsal değişim sempozyumu düzenlenecekbildiri özeti tarih  temmuz
society,kto karatay üniversitesi whatsapp bekliyor
society,sosyolog olmaya iten bilinçdışı güdülerden tezgâhların arkasınısahne gerisini keşfetme hazzıdır
society,azından içinde yaşamaya mahkum olduğum dünyayı kabul edilebilir bulmam içinsosyolojiyapabileceğim iy
society,hayat sahnesinde köksal alver hanzala yı yazdı
society,hayat sahnesinde hüseyin yıkık şapkalı kara adamlar yazısında neşet ertaşı anlattı
society,kenar kayıtta ahmet demirhan mağrurun dili edebiyat eleştirisini yazdı
society,sayıda sosyoloji sohbeti korkut yapıldı
society,mehmet birekul toplumsal hareketler müzik marşlar ezgileri yazdı
society,sayıda ertan özensel sosyal medyanın mısır devrimindeki rolünü yazdı
society,sosyoloji divanı sayısı toplumsal hareketler dosya konusu çıkıyor
society,apaçi gençlik kitabı dizisine uyarlanıyormuş heyecanla bekliyoruz
society,üniversitesi sosyoloji dergisi türkiyede sosyolojinin  yılı özel sayısı metinler linkte http
society,süleyman özar yazdı düşmek şehre inmek notlarda
society,mücahit pişkin yazdı avro  tartışmaları çerçevesinde üretilen islami bilginin sosyolojik içerimleri notlarda
society,özetler tarih  temmuz duyuralım
society,hayat sahnesinde köksal alver hanzala yı yazdı
society,hayat sahnesinde hüseyin yıkık şapkalı kara adamlar yazısında neşet ertaşı anlattı
society,kenar kayıtta ahmet demirhan mağrurun dili edebiyat eleştirisini yazdı
society,sayıda sosyoloji sohbeti korkut yapıldı
society,mehmet birekul toplumsal hareketler müzik marşlar ezgileri yazdı
society,sayıda ertan özensel sosyal medyanın mısır devrimindeki rolünü yazdı
society,sayı toplumsal hareketler dosya konusu baskıda
society,mahalle mektebi  dosya konusu
society,ramazan bereketi
society,dünya sosyoloji kongresi  temmuz  tarihinde viyana avusturyada toplanıyor
society,körlük dosyası zengindi gerçekten fikrinize bereket
society,sosyolog budur
society,iü sosyoloji araştırma merkezi  akademik gelişim eğitimleri tanıtım toplantısı  yrd doç metin tunç
society,sosyoloji okuyan mezun arkadaşlar sitemize yazılarınızı gönderebilirsiniz
society,toplumsal eylemin yapısı   talcott   indirimli  kitap
society,toplumsal eylemin yapısı   talcott   indirimli  kitap
society,baş ağrıtmıyorsa dergi değildir
society,hazırlıklar aşamasında inşallah yakın sürede çıkacak
society,isimli kitabım ashgate yayımlandı http
society,anlayışlı sosyolojizorlayıcı hukuk  açık görüş
society,postmodernnizm yanılsamaları sosyoloji mektebi
society,yaşlıların mevcut durumu araştırması
society,sosyoloji divanı  sayı  sosyoloji mektebi
society,mahalle mektebi  sayısı körlük sosyoloji mektebi
society,bugün saat düzenlenen kocaeli kitap fuarında sosyal medyanın dilini konuşuyoruz
society,yılın ardından türkiyede sosyoloji
society,edebiyat sosyolojisi incelemeleri editör köksal alver hece yayınları
society,sosyoloji divanı türkiyede sosyolojinin  yıllık serüvenini asırlık sosyoloji sayısı aldı
society,haziran ayında çıkacak sayısı hazırlıklarını sürdürüyor sayı dosya konusu toplumsal hareketler
society,thorstein bunde veblen aylak sınıfın teorisi
society,yıldız ramazanoğlu  konya halk kütüphanesindekadın edebiyat konulu söyleşi gerçekleştirecektir
society,komşuluk taşra fragmanları toplumsal tipler dosyaları birbirini tamamlıyor sessiz derinden yürüyüş
society,sayıdanhayat sahnesi yazılarını okumalı elâlem ihtiyar güreş pehlivan fatih çarşısı
society,okumak iyidir dosyalar yazılar kıymetli  sayıda ismail coşkun söyleşile
society,hüseyin sunun  üşümesi  kitabı şule yayınlarında
society,dergisinde rüzgarı
society,sosyologların öykülerle arası azizim gece öykü kanıtladı merak edenler
society,sonrası mahalle mektebi dergisinde  havadis  dünya aracılığıyla
society,sosyologlar atama bekliyor
society,desteklerinizi bekliyoruz
society,desteklerinizi bekliyoruz
society,sistematik sosyolojisi mustafa aydın
society,sınırın sosyolojisi devlet sınır insanları ferhat tekin
society,sosyologlar toplumsal iyileşme kamu görevine atanmaları gerektiğine inanıyorlar
society,toplum eğitim aldı toplum seçin
society,yalnızlığın miktarı hissettiğin kadardıryaşayanın söylediğine bakmak gerekirışardan seyreden yaşayanın
society,tabelasiyla bizlere destek musunuz
society,imge satışı üzerinden edebilirsiniz
society,sayıyı kısa sürede etmek güzel yazılar sosyoloji okuyanların dikkatine
society,hakkında bilgi sayı özetleri
society,sosyoloji divanı dergisi yıl sayı temmuzaralık  asırlık sosyoloji
society,destek musunuz
society,türk dünyası başkentleri sahasında  shlik  yazarlı ahmet yesevi üniversitesinden çıktıçalışmak güzeldir http
society,asırlık sosyoloji sayısı türk sosyologları dersi önemli
society,sosyoloji divanı dergisi yıl sayı temmuzaralık  asırlık sosyoloji
society,asırlık sosyoloji özel sayısı başına kütüphane
society,sosyoloji divanı dergisi yıl sayı temmuzaralık  asırlık sosyoloji
society,sosyologlar birleşin derginiz çıktı
society,sosyoloji divanı dergisi yıl sayı temmuzaralık  asırlık sosyoloji
society,türkiyedeki sosyoloji çalışmalarının oluşum değişimini anlatıyor sosyoloji divanı  sayı
society,hakkında bilgi sayıların özetleri
society,zanaat sosyal bilimleri ali yaşar sarıbay hoca sosyoloji divanında yazmış http
society,sosyoloji divanı dergisi yıl sayı temmuzaralık  asırlık sosyoloji
society,sosyoloji divanı dergisi yıl sayı temmuzaralık  asırlık sosyoloji
society,sosyoloji divanı dergisi yıl sayı temmuzaralık  asırlık sosyoloji sayısını adresinden edebilirsiniz
society,sosyoloji divanı dergisi yıl sayı temmuzaralık  asırlık sosyoloji
society,ahmet koyuncunun komşuluk edisyonunu edinenilirsiniz
society,sosyoloji divanı asırlık sosyoloji
society,elimize ulaştı emeği geçenlere teşekkür ederiz
society,yıl yenilenerek yağmur türküsüherkitabın herbaskının ayrı hikâyesi varhayırlısı http
society,dergi çıkarırsak memleket kurtulur dediler
society,sayıda ali yaşar sarıbay hoca zanaat sosyal bilimcilik konusunu kaleme aldı
society,sayıda ahmet koyuncu türkiyede sosyoloji ekolleriini yazdı
society,sayıda mustafa orçan  yüzyılda türkiyede sosyolojinin geleceğibaşlıklı yazı kaleme aldı
society,nda ismail coşkun besim dellaloğlu ayrı ayrı sosyoloji sohbeti gerçekleştirildi
society,bilimsel iklimlerinin dökümünün yapıldığı özel sayı özel ilgi
society,meseleleri bakışları içerikleri literatürü yöntemi çalışma alanları yönelimleri ekolleri bölümleri öğrenci profilleri
society,sosyoloji divanının  sayısı özel sayıtürkiyede sosyolojinin yılına armağantürk sosyolojisinn serencamınn değerlendirldiği
society,sayıda ramazan yelken kurtarıcı kurucu bilim sosyoloji başlıklı yazı kaleme aldı
society,sayıda köksal alver türk sosyolojisi tarzlar sınırlar içerikler konusunu işledi
society,sayıda yasin aktay sosyolojinin yitik imgelemi başlıklı yazı kaleme aldı
society,sayı asırlık sosyoloji özel sayısı çıktı sayıda korkut türkiyede sosyolojinin  yılı üzerine yazı kaleme aldı
society,sosyoloji divanı asırlık sosyoloji sayısı  sayı özetler
society,sosyoloji divanından asırlık sosyoloji özel sayısı  havadis  dünya aracılığıyla
society,zanaat sosyal bilimleri ali yaşar sarıbay hoca sosyoloji divanında yazmış
society,türkiyenin yüzyıllık sosyoloji serüveni dergisi özelsayisi
society,idefix dampr kitapyurdu satıyor dergileri
society,yayıncı siteleri iletişime geçti sitelerinin ürünü girmesi sanırım kaç haftayı buluyor
society,türkiyenin yüzyıllık sosyoloji serüveni dergisinin  sayısındaemeği geçenlere teşekkürler
society,kitapçılardan istetirseniz kitapçılar edebilirler endülüs kitabevine uğrayın satışı kısa sürede
society,sosyoloji divanı  sayı özel sayı asırlık sosyoloji dosya başlığı altında çıktı faydalı dergi
society,sosyoloji divanı  sayı özel sayı asırlık sosyoloji dosya başlığı altında çıktı
society,sosyoloji divanı  sayı özel sayı asırlık sosyoloji dosya başlığı altında çıktı
society,sosyoloji divanı  sayı özel sayı asırlık sosyoloji dosya başlığı altında çıktı
society,sosyoloji divanı  sayı özel sayı asırlık sosyoloji dosya başlığı altında çıktı
society,sosyoloji divanı  sayı özel sayı asırlık sosyoloji dosya başlığı altında çıktı
society,sosyoloji divanı  sayı özel sayı asırlık sosyoloji dosya başlığı altında çıktı
society,sosyoloji divanı  sayı özel sayı asırlık sosyoloji dosya başlığı altında çıktı
society,sosyoloji divanı  sayı özel sayı asırlık sosyoloji dosya başlığı altında çıkıyor
society,sosyoloji divanından asırlık sosyoloji özel sayısı  havadis  dünya
society,doçdr ertan özensel ipekyolu derneğinde farklılıklar sorunu yaşam konulu seminer gerçekleştirdi
society,sosyoloji divanı bendenizin ilginç makalesi
society,ismi güzel
society,sosyoloji divanı kapak afişiyle
society,sosyoloji divanı türkiyede sosyolojinin yılına atfedilen özel sayısı kısa raflardaki yerini
society,baskıya giriyor müjde beklenen haber geldi
society,hayat edebiyat daki dergi yazarları gençler buluştu http
society,akademik yavaş geliyor
society,çıktığı gerekli duyurular yapılacaktır yakın zamanda bekliyoruz
society,sayı sayı özel ayıralım
society,mahalle mektebi yilin sayisi çikti mahalle mektebi dergisi  yılının sayısı çıktı
society,mahalle mektebi sayısı çıktı
society,yönettiği dergi sosyoloji divanı dikkate değer
society,siteril hayatlar kitaptı meseleye giriş açısından bilhassa
society,tyb ödülleri açıklandı konyadan ödül sahibi çizgi kitabevi
society,çıktı
society,mektep ekibinden değerlendirme mektep konuşmaları    popüler kültür yüksek kültür kültür savaşı
society,ahmet koyuncu imzalı suriyeliler kitabı çıktı özgün çalışma çizgi yayınevinden
society,emin adımlarla yürüyor beraber yürünecek güzel yollar biliyoruz
society,sınırın sosyolojisi  ferhat tekin   indirimli  kitap  aracılığıyla
society,sosyoloji günlerinde yrd doç ahmet koyuncudan kentin misafirleri suriyeliler semineri
society,üniv sosyolojiden suriyeli misafirlerimiz konferansı
society,stüdyo yaşamlar  küreselleşen dünyada kentsel kurgular  samet ünlü
society,önemli sosyolojik ahmet koyuncu editörlüğünde çıktı
society,ahmet koyuncunun kentin misafirleri suriyeliler isimli kitabı yayınlandı
society,armağan kültürü  mehmet birekul   dampr  kitap
society,aralık  salı söyleşisi  ramazan yelken amerikada müslümanlar
society,önemli konularla sayılar çıkarıyor vakti olana tavsiye ederim vakti olmayana vak
society,sistematik sosyolojisi mustafa aydın
society,mahalle mektebi  dosya leylâ fatih özkafa güzeldir güzelliği
society,doçdr levent ünsaldı sü sosyolojidetürkiyede sosyal bilimleri meslek edinmekkonulu söyleşi gerçekleştirecektir
society,kurban bayramınızı içten dileklerimizle kutlar sağlık mutluluklar dileriz
society,yazı yazgı ete kemiğe bürünmek baskı aşamasında hayırlısı
society,mahalle üzerine derli toplu arayanlar köksal alver mahallemahallenin toplumsal mekânsal portresi
society,sosyolojisi yazıları mustafa aydın
society,sözün sosyolojisi kadir canatan
society,onur teşekkür ederiz
society,neşet ertaş yazısı borcum sosyoloji divanına
society,doç ertan özenselin sayı editörlüğünde  sayı hazırlıklarını hızla sürdürüyor
society,sosyoloji divanında  sayıya
society,sosyoloji divanı dergisini artık sitesinden takip edebilirsiniz
society,sayıda toplumsal tipler konusunu inceleyen sayısında türkiyede sosyolojinin  yılıözel dosyası çıkacak
society,derginin başlıkları özetleri yayında
society,basında yayında
society,danışma hakem kurulu
society,dergi satış noktaları yayında
society,sosyoloji divanı kitaplığı yayında
society,kalemi yayında
society,derginin başlıkları özetleri yayında
society,nı dosyasohbetkenar kayıthayat sahnesi kitaplık bölümlerinin özetleriyle takip edebilirsnz
society,hece yayınları öykü mehmet kahraman minareden düşen
society,gerçekten mektep
society,sayfası adresinden dergi sayıları özetlerini takip edebilirsiniz
society,sayfası bugün itibari yayında
society,siteril hayatları anlatan güzel belgesel
society,sayımız bugün raflarda
society,mahalle mektebinin  sayisi çikti yayın dönemine yenilenen tasarımıyla giren mahalle mektebinin
society,toplumsal tipler sayısı sipariş
society,dergiye siteden ulaşabilirsiniz
society,dergiye istanbulda beyoğlundan internetten satış yapan kitabevlerinden ulaşabilirsiniz
society,dergiyi iletişime geçerek edinebilirsiniz
society,dopdolu dergi kıymetli dostum seyfettin kurtun gyyliğini bugün sütununda
society,haşmet babaoğlu toplumsal tipler sayısı üzerine güzel yazı kaleme almış
society,sayısı  toplumsal tipler dosya konusu çıktı
society,bugün çıkışı taksim pandoraya gidip sosyoloji divanı dergisini almayı gidip galatada çay içmeyi planlamışt
society,paylasim tessekurler hocam konu orjinal simmelden dergiyi okumak faydali olacak
society,olmasında muhakkak sizlerin katkısı büyüktür
society,özgün girişim genç sosyologlar heyecanlı gayretli
society,hocam hakem heyetinde adınızı gördümsizin emeğinize sağlık  sipariş verdimtaşra sayısını özelli
society,teşekkür ediyoruz hocam sizlerin teşvikleri bizleri sevindiriyor
society,sosyoloji divanı  sayı toplumsal tipler özel sayısı çıkmış kalemine sağlık gençlerin
society,toplumu analiz edebilmek
society,sayı dosya bölümünde levent ünsaldı çakalın sosyolojisine davet konulu yazı kaleme aldı
society,üzerinden satış yapan sitelerden kitabevlerinden edebilirsiniz
society,faruk turğutöseda tüylü birbirinden güzel kitapları değerlendirdiler
society,kitaplık bölümünde ejder ulutaşderviş dereliemrah başaranmtaner türk hüseyin çil
society,sayı hayat sahnesi bölümünde betül ihtiyar hanife özyer elalem konularını yazdı
society,sayı hayat sahnesi bölümünde seyfettin kurt fatih çarşısını fatih uslu güreş pehlivanı değerlendirdi
society,kenar kayıt bölümünde zeki saka  dünya insan ayşe yıldız hayata yaşlı bakışömür dediğin programını kaleme
society,sayı sohbet bölümünde beylü dikeçligil sosyoloji sohbeti gerçekleştirildi
society,sayısında memin babacan ö miraç yaman iletişimin değişen boyutu delikanlılık temsillerini yazdı
society,sayısı dosya bölümünde ferhat tekin söylem gerçeklik arasında aşiret reisi konusunu inceledi
society,sayı dosya bölümünde kenan çağan toplumsal şair konusunu ele aldı
society,sayısında erhan tecim algı tanımlama arasında tipolojisini inceledi
society,sayısında kadir canatan iğreti hayatın yarattığı iğreti gurbetçi değerlendirmelerini sundu
society,sayısında ayşe canatan toplumsal eski toprak konusunu inceledi
society,çakalın sosyolojisine davet konusunu levent ünsaldı ele aldı
society,sürekli tematikleştirme çabası sosyolojibirkaç epistemolojik izahat kavramsal yaratıcılığa çağrı
society,sayısında aydemir toplumsal tipler konusunu sosyal alanın tipleştirilmesi makalesi ele aldı
society,yarın ulusal günü resmi tatil yapılıyor günde
society,tezkire dergisi sayı  haziran  temmuz  ağustos  kolektif   dampr  kitap
society,sayısı toplumsal tipler dosya konusu çıktı
society,toplumsal tipler konu başlıklı  sayı
society,facebook üzerinden yenilikleri paylaşıyorumözel sormak istediğiniz varsa dmden yrdımcı olabilrm
society,nin sinden çöktü galiba açılmıyor
society,sayfası hazırlanıyor takip edebilirsiniz
society,istanbulda pandoradan edinenilirsiniz
society,teşekkür ederiz internetten kitap satışı yapan sayfalardan edebilirsiniz sorun dmden ulaşın
society,varlığınızdan üzülerek nın retweetinden haberdar oldumsayfanıza baktım
society,teşekkür ediyoruz tavsiyeleriniz desteğiniz fazla yüreklendiriyor
society,zihninize emeğinize sağlık gelecek sayılarda tipolojilere birer ikişer devam etmeli
society,teşekkür ediyoruz sonraki sayımızda türkiyede sosyolojinin  yılı konusunu işleyeceğiz
society,muhteşem yapmış sayısını toplumsal tiplere ayırmış ihtiyaç
society,nda arkadaşlar ilgilenin
society,ün arka kapağı http
society,ayın öyküsü nden köksal alverin heykeli gülhane parkındaki aşık veysel heykelinden esinlenilmiş
society,edebiyat dergilerinden gazze duyarlılığı   hayat edebiyat kültür sanat sitesi
society,gazze bildirisi   konyada çıkan edebiyat dergileri
society,konyanın edebiyat dergilerinden gazze bildirisi
society,konyalı yazarların gazze bildirisi
society,konyalı yazarlar gazze bildirisi yayımladı
society,konyalı yazarların gazze bildirisi
society,konyalı yazarların gazze bildirisi
society,konyalı yazarların gazze bildirisi
society,dergi yazarları buluşması
society,gözlerde gazze ateşi
society,ü  yazarları nasipte araya geldi çay dedi http
society,sosyoloji divanı  sayısı
society,paylaş
society,öyp araştırma görevlisi kadro ilanları yayımlandı
society,sosyoloji divanının  sayısı çıktı
society,okumalı doktoradan arkadaşım dikeçligilin sosyolojiye sohbeti önemli
society,sosyoloji divanının toplumsal tipler sayısı çıktılünsaldının çakalın sosyolojisne davetini özellikle
society,sayısı toplumsal tipler dosya konusu çıktı
society,sayısı toplumsal tipler dosya konusu çıktı
society,sayısı toplumsal tipler dosya konusu çıktı
society,sayısı toplumsal tipler dosya konusu çıktı
society,yarın kitapçıların listesini paylaşırım üzerinden etmek mümkün
society,sayısı toplumsal tipler dosya konusu çıktı
society,sayısı toplumsal tipler dosya konusu çıktı
society,sayısı toplumsal tipler dosya konusu çıktı
society,sosyoloji divanı  sayısı yoluna devam
society,sosyoloji divanının  sayısı çıktı  havadis  dünya aracılığıyla
society,sayısı toplumsal tipler dosya konusu çıktı
society,konya necmettin erbakan üniversitesi  tanıtım filmi aracılığıyla
society,dönemin sayısı  temmuzdan şehirlerde gönüllerde londrada
society,dosya toplumsal tipler
society,mahalle mektebi öykü okumaları köksal alverin çevgen isimli kitabıyla devam
society,taşraya komşuluğa derinlikli bakış  kalite dergiler  dünya aracılığıyla
society,önceki sayısında komşuluk konusunu inceleyen haziran ayında çıkacak sayısında toplumsal tipler konusunu inceliyor
society,şiir okununca buğdaylar büyür yazarın notları
society,ömer lekesiz konya tybye konuk
society,köksal alver çay tadında sohbet konya
society,dergisi haziranda çıkacak sayısında toplumsal tipler konusunu işliyor
society,dergisi komşuluk sayısından çıkacak sayısında toplumsal tipler konusunu işlemektedir
society,selçuk sosyoloji atölyesi sunumları konu suç toplum sunum seyfettin kurt
society,dergisinin camiaya hayırlı olmasını temenni ediyorum
society,sağlık bakanlığı  sosyolog alımı
society,siteril hayatlar  köksal alver   indirimli  kitap  aracılığıyla
society,sosyoloji okumaları kılavuzu  köksal alver kitap  aracılığıyla
society,siyasallığın toplumsal inşası  mahmut akın  kitap  aracılığıyla
society,sosyal sermaye  mehmet ali aydemir   indirimli  kitap  aracılığıyla
society,mahalle  köksal alver   indirimli  kitap  aracılığıyla
society,sosyoloji divanı   komşuluk  kolektif   dampr  kitap
society,sosyoloji divanı  komşuluk sayısı
society,sosyoloji divanı   komşuluk  kolektif  dergi  aracılığıyla
society,hasilatiemeğinize sağlik
society,yayın evine sordum bilgi bekliyorum haber vereceğim üzerinden etmeniz mümkün
society,sayımızın dosya konusu dergi büroları
society,sosyal politikalar bakanlığı  sosyolog alımı
society,haşmet babaoğlu  güzel
society,sosyoloji divanı  komşuluk
society,sosyoloji divanı   komşuluk  kolektif  indirim  kitap
society,sosyoloji divanı   komşuluk  kolektif   dampr  kitap
society,sosyoloji divanı   komşuluk  kolektif indirimli  dergi  aracılığıyla
society,kurmacanın büyülü sureti  abdullah harmancı   indirimli  kitap
society,sosyoloji divanı  komşuluk kitapyurdu
society,sosyoloji divanı   komşuluk   dampr  kitap
society,sosyoloji divanı   komşuluk  kolektif indirimli  dergi  aracılığıyla
society,ilginç tübitakın öncelikli araştırma alanlarında sosyal bilimleri ilgilendiren sorunlar almıyor
society,naim hocaya vermek lazım
society,şehrin yüzlerce yıllık ihtişamlı binaları meydanları sokakları korunmuş gökdelen avm htt
society,sosyoloji divanı komşuluk sayısı
society,sosyoloji divanı   komşuluk  kolektif indirimli  dergi  aracılığıyla
society,sosyoloji divanı   komşuluk
society,sosyoloji divanı   komşuluk  kolektif  indirimli  dergi  aracılığıyla
society,sosyoloji divanı   komşuluk  kolektif  indirimli  dergi  aracılığıyla
society,esra erolu foucault okumak
society,sosyoloji divani satiş noktalari kayseri akabe kitabevi malatya fidan kitabevi erzurum kitmar kitap sarayı adana kitapsan
society,sosyoloji divani satiş noktalari kitabevi insancıl kitabevi konya çizgi kitabevi hüner kitabevi bosna enes
society,sosyoloji divani satiş noktalari kabalcı dergah yayınları kitabevi pandorahil yayınevi artı dağıtım dağıtım
society,hayırlı
society,öykü kitabım portakal bahçeleri  şuabtta çıkıyor inşallah
society,hayaldi gerçek  ciltlik ansiklopedisi erişimine açılmış bila
society,murat erol köksal alverin mahallekitabı üzerine yazdı
society,yağmur tablosu sü kampüs camii penceresinden  fotoğraf hayrettin çimen
society,osmanlı felsefe çalışmaları dizisine  kitap
society,yürüyen adamlar dündar harmancı korkmaz kahraman rast kasay
society,kedi divanı
society,kedinin kültürlüsünü severiz
society,türkiyede muhafazakârliğa nurettin topçunun eleştirel katkisi mahmut  ertuğrul
society,abdullah harmancı nuri pakdili anlatmıştı
society,konuğu abdullah harmancı  yazar buluşmamızın albümünü facebookta yayımladık
society,sosyoloji divani satiş noktalari kabalcı dergah yayınları kitabevi pandorahil yayınevi artı dağıtım dağıtım
society,sosyoloji divanının sayısı komşuluk çıktı
society,komşuluk sosyoloji divanında
society,teşekkür ederiz hocam
society,dergiler ulaştıteşekkür ederimdeğerli tebrik ederbaşarılar dilerim
society,hilmi uçandan dilbilim gösterge bilim edebiyat eğitimi  baskısı bugün çıktı
society,istiklalde cağaloğlunda dergah yayınları akşamlar
society,değerli sosyoloji divanı dergisinin  sayısı elime geçti dosya konusu komşuluk
society,kıymetli dostum seyfettin kurtun gyy dergisinin  sayı dosya konusu komşuluk
society,komşuluk sayısında köksal alver  komşu kimdir konusunu inceledi
society,mevlid kandili hepimize mübarek gece sonsuz kainattaki yerimizi görebimemiz yola şefkat eliyle
society,komşuluk sosyoloji divanında
society,dergah yayınevleride bulabilirsiniz
society,komşuluğu analiz etmeniz günlere farklı soluk getirecek elinize sağlık
society,sayısı komşuluk dosyasıyla çıktı
society,dergi yayınevlerine gönderilmeye başlandı kaç gün içerinde idefix kitapyurdu sitelerden edebilirsiniz
society,komşuluk sayısı çıktı
society,sayı hazırlıklar hızlandı
society,komşuluk sayısı çıktı
society,sayısında önemli konuyu incelemiş teşekkürler tebrikler
society,komşularla tanışmak istedim attım tivit
society,yardımlaşmaya dayanmıştır bekir biçer
society,islami gelenekten beslenen kültür komşuluk  doğumdan ölüme kötü günlerde sevinç kederi paylaşma
society,komşuluk sayısında bekir biçer  komşuluğumuzun tarihsel serüvenini inceledi
society,hayli uzaklaşmış olmktadırlar çerçvede komşuluk ciddi dönüşümler yaşamaktaasıl yapısnın ötesnde şekllenmektedirmustafa aydın
society,dramatik hayatın içinde komşuluk insani olgular inşa edilmektedir kurgularıyla tabiatlarından
society,komşuluk sayısında mustafa aydın dramdan ütopyaya komşuluğun dönüşümü konusunu inceledi
society,saklı insan yumağıdır komşu varlığının tanığı olunan kişidir kişiler toplamıdır köksal alver
society,komşu yakın kişinin yanı başında olandır yakınuzak aktör gözle görülür hali hissedilir aşikar
society,komşuluk sayısında köksal alver  komşu kimdir konusunu inceledi
society,görünür rutinlerinden parçası olunan büyük süreçleri anlamnın çözümlemnin aracı konumundadır akoyuncu
society,komşuluk kendine özgü hukuku ilişki etkileşim ağları rutinleri bireylerin yüklediği anlamlar itibari gündelik hayatın
society,komşuluk sayısında ahmet koyuncu  gündelik hayatta komşuluk konusunu inceledi
society,hayırlı inşallah
society,sayısı komşuluk konusunu inceliyor
society,ilginiz teşekkür ediyoruz
society,üzerinden kitapyurdu idefix sitelerden edebilirsiniz
society,komşuluk sayısı çıktı
society,ülkemizde değinilen komşuluk konusunu incliyor bakımdan konuyla ilgilenenlere temel olma niteliğinde  eser
society,sayısı çıktıkonukomşuluk
society,toplumsal araştırmalara soluk katan dergisi ikinci sayısı okuyucu buluştu
society,komşuluk sayısı çıktı
society,mahallede dede mahalle mektebinin  sayısı çıktı
society,komşuluk sayısı
society,misafirperverlikleri  teşekkürlerimizi sunuyoruz
society,gecenin raporu muhabbet dostluk edebiyat türkü kardeşlik  çay
society,güzel birliktelik mahalle divanı çay içiyor
society,idefix kitapyurdu sitelerinden etmek mümkündür
society,komşuluk sayısını önümüzdeki hafta kitabevi dergah kitabevlerinden edebilirsiniz
society,sü sosyoloji profu köksal alver mahalle kitabıyla incelemede türkiye yazarlar birliği tyb ödülü aldı tebrikler http
society,kitapyurdu idefix sitelerden edebilirsiniz sayısı ellerinde  sayı dün çıktığı yoktur
society,maalesef üyelik sistemimiz kitap satışı yapan sitelerinden edebilirsiniz ilginize teşekkürler
society,mahalle nedir mahalleli kimliği oluşur   dünya aracılığıyla
society,sosyoloji divanı dergisi komşuluk özel sayısı çıktı
society,köksal hoca almış ödül
society,mahalle mektebinin  sayısı çıktı
society,tyb yayıncılık özel dalında konya selçuklu beledeyisini büyük selçuklu mirası adlı eserleriyle ödüle layık görmüştür
society,tyb köksal alveri mahalle kitabıyla inceleme dalında ödüle layık görmüştür tebriklerimizi sunuyoruz
society,selçuk edebiyat sosyoloji bölümünden köksal alver mahalle adlı kitabıyla tybden yılın inceleme ödülüne layık
society,sayı bugün çıktı konyada iseniz çizgi enes kitabelerinden konyada değilseniz idefix kitapyurdu siteler
society,sayısı komşuluk dosya konusu çıktı
society,köksal alver mahalle nedir mahalleli kimliği oluşur  fatih  dünya
society,kısa süre sayısı komşuluk kapak konusu karşınızda
society,kitaplar arasında güzel insan köksal alver
society,mahalleye bakmak başlıklı yazım
society,mahalleye bakmak
society,yayın kurulu kısa süre çıkacak komşuluk sayısı toplantısını gerçeklştrdi
society,sitelerinden rahatça edebilirsiniz imkanınız tekrar iletişime geçelim
society,yyda kuzey afrikada yaşayan ibn haldun bağcılar belediyesi fatih mehmet üniversitesi uluslararası semp
society,apaçi gençlik  ömer miraç yaman
society,apaçi gençlik ömer miraç yaman
society,selçuk sosyolojiden grup genç sosyoloji divanı adında dergi yayımlamaya başlamış destekleyeceğim
society,hocamız dergisini elinden bırakmıyor
society,takip etmeyenleri ortaya çıkarttım haydi
society,sayısında taşrayı ele  ikinci sayısında komşuluk meselesini inceleyecektir
society,kitaplık coşandal bauman sosyolojisi
society,kitaplık ahmet gökçen  çokkültürlü vatandaşlık
society,kitaplık derviş dereli türkiyede dindarlık
society,kitaplık ejder ulutaş siyasallığın toplumsal inşası üzerine
society,kitaplık fatih uslu sosyoloji okumaları kılavuzu
society,kitaplık ibrahim nacak  sosyolojik paradigmalar
society,kitaplık faruk karaarslan  modernite unutturur
society,kitaplık ahmet sarı  felsefeden edebiyata bakış denemesi
society,kitaplık mahmut akın  modernleşmeye
society,hayat sahnesi seyfettin kurt  işimiz iğneyle kuyu kazmak
society,hayat sahnesişahin torun huma kuşu ali karaavcı
society,hayat sahnesi köksal alver ateş çayevi çay abidesi
society,hayat sahnesi mustafa aydın  erol güngör
society,kenar kayıt  türk ulusal kimliğinin inşasında milli eğitim ideolojisinin rolü
society,kenar kayıt zehni özmen  altkültür örneği apaçiler
society,kenar kayıt ahmet demirhan sinekli bakkal edebi kanon
society,sohbet  mustafa aydın sosyoloji sohbeti
society,dosya  taşra fragmanları vefa taşdelen cumhuriyet caddesi üzerine duyuşlar
society,dosya  taşra fragmanları mehmet birekul taşrada büyü bozumu kentleşme refleksi şehir ansiklopedileri
society,dosya  taşra fragmanları ferhat tekin sınırın çifte anlamlılığı sınırdaki merkezler taşralar
society,dosya  taşra fragmanları mahmut akın  yabancıda aranan yerlilik
society,dosya  taşra fragmanları ertan özensel taşranın yetim çocuğu kır
society,dosya  taşra fragmanları celaleddin çelik taşranın değişen sosyolojisi
society,dosya  taşra fragmanları köksal alver  taşra halleri
society,dergi sosyoloji divanı şafak
society,sayısında taşrayı ele  ikinci sayısında komşuluk meselesini inceleyecektir
society,selçuk neü sosyolojiden üniversitenin farklı bölümlerinden konya dışından arkadaşlar ümit
society,gönderilmeye başlandı kitapyurdu idefix sitelerden kolaylıkla edebilirsiniz
society,kitap satışı yapan sitelerinden çizgi enes kitabevlerinden edebilirsiniz
society,sosyoloji dergisi sosyoloji divanı
society,dergi sosyoloji divanı şafak
society,okuryazar ekibi dergilerini konuşuyor
society,dergi sosyoloji divanı
society,güzel yayın sillede muhabbetin hülasası
society,mahalle  köksal alver arka kapak
society,mahalle  köksal alver   indirimli  kitap  aracılığı
society,sayısında taşrayı ele  ikinci sayısında komşuluk meselesini inceleyecektir
society,nı etmek isteyenler  sayfasını ziyaret edebilirler
society,dergi sosyoloji divanı
society,nı etmek isteyenler sayfasını ziyaret edebilirler
society,nı etmek isteyenler sayfasını ziyaret edebilirler
society,sosyoloji divanı dergisinin sayısı yayınlandı yılda yayımlanacak sosyoloji divanı dergisi  http
society,hayırlı  özgün girişim sosyoloji divanı sayısı huzurlarınızda
society,sosyoloji divanı
society,sosyolojidivanicom adresinden bilgi almak mümkün dergi hakkında
society,sosyolojiyi öğreneceğiz şaka şaka alıyorum hayırli olsu
society,özgün girişim sosyoloji divanı sayısı huzurlarınızda
society,heceden mahalle mahallenin toplumsal mekansal portresiköksal alver
society,sosyoloji dergisi sosyoloji divanı  gazetesi
society,sayısında taşrayı ele  ikinci sayısında komşuluk meselesini inceleyecektir
society,sosyoloji divanı taşra fragmanları idefix
society,sosyoloji divanı taşra fragmanları
society,dergi sosyoloji divanı    aracılığıyla
society,sosyoloji divanı dergisinin sayısı çıktı  kahtases haber
society,sosyoloji divanı   taşra fragmanları  kolektif   indirimli  dergi
society,dergi sosyoloji divanı
society,dergi sosyoloji divanı    aracılığıyla
society,sosyoloji divanı dergisi
society,dergi sosyoloji divanı
society,sosyoloji divanı dergisinin sayısı yayınlandı  konhaber  haziran  çarşamba
society,taşra fragmanları adlı dosya konusuyla yayın hayatına başlamıştır
society,taşra fragmanları adlı dosya konusuyla yayın hayatına başlamıştır
society,taşra fragmanları adlı dosya konusuyla yayın hayatına başlamıştır
society,taşra fragmanları adlı dosya konusuyla yayın hayatına başlamıştır
society,sosyoloji divanı   indirimli  komisyon  çizgi kitabevi yayınları aracılığıyla
society,taşra fragmanları adlı dosya konusuyla yayın hayatına başlamıştır
society,sosyoloji divanı dergisinin sayısı çıktı  kahtases haber
society,sü neü sosyoloji öğretim üyelerinin katkısı yanında farklı üniversitelerden akademisyen katkı sağladı
society,taşra fragmanları konulu sayıda yrd doç uğur çağlak yrd doç erhan tecim sayı editörlüğü görevini üstlendi
society,dergisi doç köksal alver editörlüğünde hazırlandı
society,sosyoloji divanında selçuk sosyolojinin katkısı kayda değer alver aydın akın özensel
society,sosyoloji divanı dergisinin sayısı yayınlandı aracılığıyla
society,sosyoloji divanı dergisinin sayısı yayınlandı dünya bülteni
society,kitaplık bölümünde yakın zamanlarda yayınlanmış kitap hakkında değerlendirme yazıları bulmaktadır
society,köksal alver seyfettin kurt farklı mesleklerden ustayı anlatmaktadırlar çay ustası terzi
society,şahin torun erzurumun kıymetli entelektüeli yazarı ali karaavcıyı portre denemesiyle etmektedir
society,mustafa aydın türk sosyolojisinin önemli isimlerinden erol güngöre yazdı
society,dergide hayat sahnesi portre yazılarını toplumsal incelemelerini mekân okumalarını hayattan kareleri içermektedir
society,milli eğitiminin inşasındaki rolüne işaret etmektedir
society,zehni özmen toplumsal tipler gençlik kümeleri bakımından dikkat çeken apaçileri ele almaktadır
society,kenar kayıt bölümünde ahmet demirhan türk romanının kült örneklerinde sinekli bakkalı edebiyat kanonu bağlamında çözümlemekte
society,mustafa aydın hocayla sosyolojiyi sosyolojinin işlev sorumluluklarıkendisinin sosyolojideki macerasıyazma serüveni konya konuşuldu
society,sayıda sohbet köşesinde değerli hocamız mustafa aydını ağırlıyoruz
society,vefa taşdelen taşra özellikle anadolu kentleri ilginç örnek cumhuriyet caddesi fenomenini irdelemektedir
society,taşra okumaları önemli şehir ansiklopedileri mehmet birekulun kaleminden sunulmaktadır
society,sınır sosyolojisine emek veren ferhat tekin sınırlardaki merkezleri taşraları dikkatlere sunmaktadır
society,sayıda mahmut akın yerlilik ekseninde taşra tartışması yapmaktadır
society,ertan özensel taşra tartışmalarında kentin öne çıktığını kırın konuşulması gerektiğini hatırlatmaktadır
society,celaleddin çelik taşranın değişen dünyasını nostalji mekân kavramları eşliğinde tartışmaktadır
society,köksal alver taşra halleri yazısında taşranın merkezin yapı taşlarını ele alıyor
society,sayısında merkezin kayıtsızlığı taşranın unutulmuşluğu öfkesi hayatları irdelemektedir
society,sayısında merkezin taşraya taşranın merkeze çapraz bakışları merkezlerde taşralarda yaşanan insan gerçekliği
society,sosyoloji kimliğini dergide buluyor unutulan değerlere ayna tutuyor derginn sayısı taşra fragmanları
society,köksal alver editörlüğünde sosyoloji divanı dergisi yayın hayatına başlamıştır
society,önümüzdeki günlerde seçkin kitapçılarda kitap satış sitelerinden edilebilecektir
society,sosyoloji divanı dergisi konya çizgi kitabevi    aracılığıyla edilebilir
society,hayırlı
society,sosyoloji divanı dergisi taşra fragmanları adlı dosya konusuyla yayın hayatına başlamıştır
